"Julian Day","year","Station_Acronym","TP","epar","secchi","Chla"
137,1972,"B",0.0335,1.25,1.9,NA
143,1972,"B",0.039,1.25,1.9,NA
150,1972,"B",0.0405,0.98,2.1,NA
157,1972,"B",0.047,1.12,1.7,NA
164,1972,"B",0.0485,1.54,1.5,NA
171,1972,"B",0.075,1.4,1.6,NA
178,1972,"B",0.0715,1.4,1.5,NA
186,1972,"B",0.054,1.32,1.6,NA
192,1972,"B",0.0585,1.49,1.4,NA
199,1972,"B",0.0485,1.43,1.4,NA
206,1972,"B",0.091,1.49,1.1,NA
213,1972,"B",0.082,1.71,1,NA
221,1972,"B",0.12,2,1,NA
227,1972,"B",0.0755,2,1.1,NA
234,1972,"B",0.0555,1.43,1.3,NA
241,1972,"B",0.0625,1.87,0.9,NA
249,1972,"B",0.1025,2.02,0.9,NA
255,1972,"B",0.1065,2.05,0.9,NA
262,1972,"B",0.115,2.56,0.8,NA
269,1972,"B",0.089,1.92,1,NA
276,1972,"B",0.105,2,1,NA
121,1973,"B",0.052,1.3,1.6,NA
127,1973,"B",0.0395,1.11,2,NA
134,1973,"B",0.038,1.17,2.1,NA
142,1973,"B",0.036,0.89,1.8,NA
149,1973,"B",0.044,1.1,1.7,NA
155,1973,"B",0.0365,0.84,2,NA
162,1973,"B",0.0415,1.23,1.7,NA
169,1973,"B",0.0765,1.15,1.1,NA
176,1973,"B",0.056,1.54,1.4,NA
184,1973,"B",0.06,1.84,1.3,NA
190,1973,"B",0.1095,2.09,0.9,NA
197,1973,"B",0.0835,2.09,1,NA
204,1973,"B",0.0635,1.84,1.3,NA
211,1973,"B",0.13,2.3,0.8,NA
219,1973,"B",0.13,2.19,0.9,NA
225,1973,"B",0.13,2.42,0.8,NA
232,1973,"B",0.1245,2.19,0.9,NA
239,1973,"B",0.089,2.42,0.9,NA
247,1973,"B",0.0905,1.92,0.9,NA
253,1973,"B",0.16,2.71,0.8,NA
260,1973,"B",0.135,2.56,0.8,NA
267,1973,"B",0.14,2.56,0.9,NA
274,1973,"B",0.15,2.3,1,NA
282,1973,"B",0.1095,2.19,0.9,NA
126,1974,"B",0.0435,1.46,0.9,NA
133,1974,"B",0.0355,1.67,1.1,NA
141,1974,"B",0.031,1.42,1.8,NA
147,1974,"B",0.0375,1.14,2.2,NA
154,1974,"B",0.0315,1.11,2.1,NA
161,1974,"B",0.049,1.08,1.7,NA
168,1974,"B",0.0605,1.44,1.2,NA
175,1974,"B",0.0735,1.51,1.3,NA
183,1974,"B",0.0825,2,1,NA
189,1974,"B",0.0665,1.59,1,NA
196,1974,"B",0.0825,1.92,1.1,NA
203,1974,"B",0.103,1.95,0.6,NA
210,1974,"B",0.0805,2.05,1,NA
218,1974,"B",0.175,2.42,0.8,NA
224,1974,"B",0.105,2.3,0.8,NA
231,1974,"B",0.096,1.96,1,NA
238,1974,"B",0.0665,2.05,0.9,NA
246,1974,"B",0.155,2.88,0.7,NA
252,1974,"B",0.115,2.79,0.8,NA
259,1974,"B",0.15,2.71,0.7,NA
266,1974,"B",0.155,2.53,0.8,NA
273,1974,"B",0.13,3.18,0.8,NA
280,1974,"B",0.0885,3.18,0.8,NA
132,1975,"B",0.0625,1.5,1.5,NA
140,1975,"B",0.022,0.82,1.8,NA
146,1975,"B",0.028,1.02,2,NA
153,1975,"B",0.066,1.44,1.2,NA
160,1975,"B",0.088,2.07,1,NA
167,1975,"B",0.0775,1.96,0.8,NA
174,1975,"B",0.066,1.71,1.2,NA
182,1975,"B",0.0655,1.3,1.2,NA
188,1975,"B",0.071,2,0.9,NA
195,1975,"B",0.135,2.42,0.8,NA
202,1975,"B",0.12,2.56,0.7,NA
209,1975,"B",0.14,2.71,0.6,NA
217,1975,"B",0.105,2.63,0.7,NA
223,1975,"B",0.13,2.56,0.6,NA
230,1975,"B",0.13,3.07,0.6,NA
237,1975,"B",0.125,2.14,0.7,NA
245,1975,"B",0.135,2.42,0.7,NA
251,1975,"B",0.11,2.09,0.7,NA
258,1975,"B",0.12,1.54,0.8,NA
265,1975,"B",0.087,1.44,0.8,NA
272,1975,"B",0.078,2.14,0.9,NA
279,1975,"B",0.092,1.51,0.7,NA
34,1976,"B",NA,NA,NA,NA
113,1976,"B",0.047,NA,1.2,NA
118,1976,"B",0.0385,NA,1.6,NA
124,1976,"B",0.0475,1.64,1,NA
132,1976,"B",0.0295,1.25,1.2,NA
138,1976,"B",0.032,1.44,1.5,NA
146,1976,"B",0.018,1.02,1.6,NA
152,1976,"B",0.033,0.75,1.9,NA
159,1976,"B",0.0455,1.32,1.5,NA
166,1976,"B",0.073,2,1,NA
173,1976,"B",0.0645,1.77,1.2,NA
180,1976,"B",0.089,2.19,1.1,NA
187,1976,"B",0.0695,2,1.1,NA
194,1976,"B",0.0745,2,0.9,NA
201,1976,"B",0.092,2.71,0.9,NA
208,1976,"B",0.088,2.3,1,NA
215,1976,"B",0.092,2.42,0.9,NA
222,1976,"B",0.114,2.42,0.8,NA
230,1976,"B",0.101,2.88,0.8,NA
236,1976,"B",0.077,2.09,0.9,NA
243,1976,"B",0.113,2.71,0.8,NA
251,1976,"B",0.133,3.18,0.6,NA
257,1976,"B",0.0985,2.3,0.9,NA
264,1976,"B",0.0725,2,1.1,NA
271,1976,"B",0.113,2.19,0.9,NA
279,1976,"B",0.047,1.84,1.1,NA
286,1976,"B",0.055,2.3,1.1,NA
122,1977,"B",0.025,1.15,2,NA
129,1977,"B",0.0475,1.65,1.2,7.9
136,1977,"B",0.036,1.28,1.8,9.3
144,1977,"B",0.039,0.81,2,4.1
150,1977,"B",0.0625,1.42,1.7,13.5
157,1977,"B",0.06,1.44,1.5,19.7
164,1977,"B",0.052,1.21,1.9,20.5
171,1977,"B",0.0555,1.44,1.6,28.2
178,1977,"B",0.0465,1.62,1.3,27.7
185,1977,"B",0.0755,1.71,1.2,27.7
192,1977,"B",0.0725,1.77,1.1,32.2
201,1977,"B",0.084,2.63,0.9,59.8
206,1977,"B",0.101,3.07,0.9,56.3
209,1977,"B",NA,NA,NA,NA
214,1977,"B",0.111,2.88,0.7,88.2
220,1977,"B",0.128,2.19,1,54.4
227,1977,"B",0.1265,2.36,0.8,70.9
234,1977,"B",0.114,2.71,0.8,43.3
241,1977,"B",0.068,1.4,1.1,24.6
249,1977,"B",0.08,2.05,1.1,37.2
255,1977,"B",0.072,1.96,1,36.8
262,1977,"B",0.0655,1.64,1.5,40.1
269,1977,"B",0.0775,2.09,1.1,40.5
276,1977,"B",0.069,1.77,1.2,46
284,1977,"B",0.0495,1.5,1.3,33.2
40,1978,"B",NA,NA,NA,NA
121,1978,"B",0.028,1.4,1.9,4.4
128,1978,"B",0.0215,0.98,1.8,4.5
135,1978,"B",0.036,1.4,1.6,9.8
143,1978,"B",0.025,1.28,1.3,14.4
149,1978,"B",0.021,0.82,2,4.5
156,1978,"B",0.032,1.05,1.6,6.2
163,1978,"B",0.032,1.15,1.4,13.3
170,1978,"B",0.0305,1.21,1.5,13.3
177,1978,"B",0.025,0.87,1.9,11.1
185,1978,"B",0.0445,1.02,1.2,14.1
191,1978,"B",0.0455,1.21,1.2,20.1
198,1978,"B",0.044,1,1.2,13.9
205,1978,"B",0.0545,1.77,1,26.8
212,1978,"B",0.0585,1.71,1,26.9
220,1978,"B",0.057,1.4,1.5,17.8
226,1978,"B",0.05,1.44,1.1,31.1
233,1978,"B",0.0615,1.74,1,48.4
240,1978,"B",0.0585,1.64,1,32.9
248,1978,"B",0.049,2,0.9,27.5
255,1978,"B",0.081,1.77,0.8,27
261,1978,"B",0.077,2.19,0.9,32.7
268,1978,"B",0.0545,1.71,1.2,27.6
276,1978,"B",0.058,1.54,1.3,17.5
123,1979,"B",0.024,NA,2,7.4
131,1979,"B",0.031,1.21,2,5.9
135,1979,"B",0.025,0.77,2.2,4.8
143,1979,"B",0.036,1.15,1.9,7.6
149,1979,"B",0.029,1.17,1.8,9
156,1979,"B",0.024,0.85,2.2,4.05
163,1979,"B",0.023,0.79,1,5.4
170,1979,"B",0.033,1.05,1.6,10.7
178,1979,"B",0.033,0.98,1.8,7.4
184,1979,"B",0.043,1.35,1.3,15.8
191,1979,"B",0.042,1.18,1.4,11
198,1979,"B",0.029,1.1,1.7,13.9
205,1979,"B",0.051,1.64,1,38.7
211,1979,"B",0.052,1.65,1,42.7
219,1979,"B",0.087,2,0.9,48.2
226,1979,"B",0.076,2.97,0.8,49.9
232,1979,"B",0.03,1.92,0.9,42.7
241,1979,"B",0.046,2,0.9,40.3
248,1979,"B",0.059,1.84,0.8,53.5
254,1979,"B",0.08,2.71,0.6,53.1
261,1979,"B",0.083,1.71,0.8,47.6
269,1979,"B",0.067,1.96,1,37.8
289,1979,"B",NA,NA,NA,NA
320,1979,"B",NA,NA,NA,NA
114,1980,"B",NA,NA,NA,NA
121,1980,"B",0.029,NA,1.2,NA
127,1980,"B",0.023,NA,1.7,10.4
134,1980,"B",0.032,1,1.8,13
142,1980,"B",0.024,1.24,1.9,8.3
147,1980,"B",0.03,1.1,1.5,7.6
157,1980,"B",0.033,NA,2,NA
162,1980,"B",0.046,1.21,1.7,12
169,1980,"B",0.032,0.97,2,11.3
176,1980,"B",0.03,0.93,1.7,11
183,1980,"B",0.045,1.17,1.3,15.6
190,1980,"B",NA,1.32,1.2,14.3
197,1980,"B",0.051,1.26,1.3,13.3
204,1980,"B",0.039,1.44,1,18.8
212,1980,"B",0.057,2,1,29.1
218,1980,"B",0.051,1.62,1,26.6
225,1980,"B",0.065,2.25,0.7,38.7
233,1980,"B",0.024,2,0.8,48.8
239,1980,"B",0.079,1.4,1.2,28.1
246,1980,"B",0.068,2.19,1,45.9
253,1980,"B",0.063,1.56,1,28.6
260,1980,"B",0.058,1.62,0.8,30
267,1980,"B",0.106,1.38,1.2,31.7
274,1980,"B",0.046,1.74,1,27.6
125,1981,"B",0.03,0.97,2.4,6.9
132,1981,"B",0.041,1.15,1.5,12.2
140,1981,"B",0.032,1.1,1.9,7.2
146,1981,"B",0.058,1.05,2,NA
153,1981,"B",0.049,0.96,1.8,7.7
160,1981,"B",0.04,1.37,1.7,7.9
167,1981,"B",0.039,NA,1.5,13.6
174,1981,"B",0.06,1.49,1.2,12.2
181,1981,"B",0.042,1.33,1.3,9
188,1981,"B",0.033,1.35,1.5,18.7
195,1981,"B",0.068,NA,1.2,40.9
202,1981,"B",0.048,NA,1.5,20.9
209,1981,"B",0.07,1.81,1.1,44.9
216,1981,"B",0.055,1.46,1.2,33.9
223,1981,"B",0.045,1.46,1.2,29.5
230,1981,"B",0.06,1.92,1,40.2
237,1981,"B",0.05,1.62,1.1,22.2
244,1981,"B",0.045,1.54,1.1,31.5
252,1981,"B",0.049,1.37,1.3,19.1
259,1981,"B",0.062,1.81,0.9,29.3
265,1981,"B",0.09,1.74,1.1,20.9
272,1981,"B",0.075,1,1.1,23.2
47,1982,"B",0.25,NA,2,NA
125,1982,"B",0.03,NA,1.6,NA
133,1982,"B",0.028,NA,1.8,9.9
138,1982,"B",0.033,1.07,1.9,6.8
146,1982,"B",0.03,0.85,2,7.7
152,1982,"B",0.035,0.93,2,7.6
159,1982,"B",0.037,1.06,1.9,9.3
166,1982,"B",0.034,1.35,1.5,14.4
173,1982,"B",0.041,1.3,1.5,14.4
180,1982,"B",0.034,0.86,1.5,7
187,1982,"B",0.037,1.2,1.2,10.1
194,1982,"B",0.075,1.67,1,19.8
201,1982,"B",NA,1.54,1.1,26.5
207,1982,"B",NA,1.14,0.9,19.5
215,1982,"B",0.087,2,0.9,29.3
222,1982,"B",NA,1.81,1,9.5
229,1982,"B",0.075,1.53,1.2,24.9
236,1982,"B",0.097,1.67,1.1,47.8
244,1982,"B",0.064,1.64,1.1,43.7
251,1982,"B",0.052,2.19,0.9,36.5
257,1982,"B",0.038,1.03,1.5,13.1
265,1982,"B",0.068,2.3,0.9,39
271,1982,"B",0.054,1.77,0.9,33
130,1983,"B",0.029,NA,1.5,10.5
144,1983,"B",0.032,1.2,1.7,8.5
157,1983,"B",0.019,0.93,2.4,7.9
171,1983,"B",0.028,0.82,3.4,2
185,1983,"B",0.037,1.07,1.4,11
199,1983,"B",0.046,1.17,1.9,9.5
214,1983,"B",0.072,1.84,1.1,48.2
227,1983,"B",0.073,1.26,1.4,23.8
242,1983,"B",0.05,1.61,1,28.2
255,1983,"B",0.081,1.68,1,29.5
269,1983,"B",0.073,1.69,1.1,25.5
292,1983,"B",0.098,NA,0.8,NA
131,1984,"B",0.033,0.87,1.2,19.7
143,1984,"B",0.029,0.8,1.7,5.7
156,1984,"B",0.028,0.91,2,5.8
170,1984,"B",NA,1.52,1.3,15.8
185,1984,"B",0.037,1.13,1.2,18
198,1984,"B",0.071,1.7,1,35.2
212,1984,"B",0.057,1.84,0.6,58.9
226,1984,"B",0.1,2.42,1,74.7
240,1984,"B",0.062,1.67,0.9,46.5
256,1984,"B",0.066,2,0.8,44.1
270,1984,"B",0.058,1.38,0.8,32.3
135,1985,"B",0.032,1.15,1.8,10
148,1985,"B",NA,1.12,1.8,5.5
162,1985,"B",0.031,1.64,1.9,14.7
176,1985,"B",0.043,1.57,1,26.9
190,1985,"B",0.053,2.13,1,36.6
204,1985,"B",0.057,2.52,0.7,47.3
219,1985,"B",0.059,1.86,1.1,25.1
232,1985,"B",0.07,2.54,0.8,54
247,1985,"B",0.081,2.31,0.8,50.5
261,1985,"B",0.034,1.72,1.1,36.8
275,1985,"B",0.046,1.89,0.9,40.8
134,1986,"B",0.029,NA,1.6,9.6
147,1986,"B",0.021,1.13,2.6,8.7
161,1986,"B",0.025,1.02,2,11.6
175,1986,"B",0.044,1.27,1.5,12.1
189,1986,"B",0.027,1,1.8,10.7
203,1986,"B",0.026,0.86,2,14
218,1986,"B",0.042,1.33,1.3,26.7
231,1986,"B",0.036,1.24,1.5,12.4
246,1986,"B",0.042,1.24,1.5,12.3
259,1986,"B",0.033,1.28,1.4,11.7
275,1986,"B",NA,1.38,NA,20.8
126,1987,"B",0.022,0.89,1.8,7.32
141,1987,"B",0.027,1.12,2,10.32
154,1987,"B",0.022,NA,2.5,5.72
168,1987,"B",0.022,1,2,6.2
181,1987,"B",0.031,1.07,1.5,13.9
195,1987,"B",0.025,1.33,1.5,11.89
210,1987,"B",0.047,1.87,1,54.7
223,1987,"B",0.063,2.14,0.75,56.77
238,1987,"B",0.041,2.87,0.75,72.56
253,1987,"B",0.073,2.48,0.8,64.1
265,1987,"B",0.062,1.9,0.8,47.71
279,1987,"B",0.011,1.93,0.9,46.32
125,1988,"B",0.024,0.94,2,8.49
138,1988,"B",0.028,1.15,1.5,10.48
152,1988,"B",0.024,0.95,2,7.44
166,1988,"B",0.046,1.31,1.4,19
180,1988,"B",0.064,1.94,1,25.45
195,1988,"B",0.003,1.66,1.25,30.66
208,1988,"B",0.054,2.04,1.2,57.48
222,1988,"B",0.071,2.35,1.1,62.33
236,1988,"B",0.061,2.18,0.8,54.78
251,1988,"B",0.059,2.09,0.75,40.9
264,1988,"B",0.059,2.24,0.75,27.7
278,1988,"B",0.063,1.9,1,28.47
295,1988,"B",0.044,1.81,1,21.78
122,1989,"B",0.026,1.335,1.7,10.37
136,1989,"B",0.023,0.954,2.25,11.02
150,1989,"B",0.025,1.15,1.7,10.36
164,1989,"B",0.036,1.306,1.6,16.94
178,1989,"B",0.025,1.031,1.7,8.41
192,1989,"B",0.041,1.243,1.5,11.97
206,1989,"B",0.043,1.306,1.4,23.58
221,1989,"B",0.043,1.62,1.1,43.82
234,1989,"B",0.043,1.507,1.2,20.41
249,1989,"B",0.042,1.678,1,41.24
262,1989,"B",0.047,1.828,0.9,35.62
276,1989,"B",0.052,2.229,1,22.19
290,1989,"B",0.056,2.108,1,25.84
121,1990,"B",0.008,0.847,1.8,11.85
136,1990,"B",0.026,1.017,1.7,13.73
150,1990,"B",0.024,1.183,1.5,9.71
164,1990,"B",0.028,1.08,1.5,5.72
178,1990,"B",0.037,1.053,1.75,16.32
191,1990,"B",0.032,1.326,1.5,15.9
206,1990,"B",0.037,1.564,1,26.85
213,1990,"B",NA,1.734,1.1,23.67
221,1990,"B",0.045,1.963,0.75,43.92
235,1990,"B",0.06,2.141,0.75,51.1
248,1990,"B",0.063,1.678,0.75,34.28
262,1990,"B",0.062,1.803,1,31
276,1990,"B",0.05,1.636,1,28.79
290,1990,"B",0.04,1.476,1.5,30.21
128,1991,"B",0.027,1.223,1.25,13.87
143,1991,"B",0.018,0.843,2,6.53
156,1991,"B",0.023,0.996,1.75,6.18
170,1991,"B",0.022,0.924,2,9.51
185,1991,"B",0.03,1.332,1.5,18.46
198,1991,"B",0.053,1.784,1.2,39.23
211,1991,"B",0.048,2.117,1,36.67
226,1991,"B",0.006,1.562,1,35.4
239,1991,"B",0.056,1.54,0.75,31.58
253,1991,"B",0.057,1.904,0.75,40.38
266,1991,"B",0.074,NA,NA,46.64
281,1991,"B",0.041,1.655,0.85,32.53
295,1991,"B",0.037,1.242,1.1,20.96
127,1992,"B",0.019,0.924,1.75,7.04
142,1992,"B",0.017,0.82,1.75,7.18
155,1992,"B",0.024,0.83,1.5,9.96
169,1992,"B",0.032,0.88,1.5,8.76
183,1992,"B",0.027,1.05,1.7,12.94
197,1992,"B",0.034,0.67,1.5,21.78
211,1992,"B",0.044,1.95,1,33.6
225,1992,"B",0.042,1.74,0.9,34.04
239,1992,"B",0.041,1.65,0.75,43.63
253,1992,"B",0.039,1.65,1,26.55
266,1992,"B",0.035,NA,1.25,21.01
273,1992,"B",NA,1.57,1,30.7
280,1992,"B",0.03,1.01,1.25,19.33
295,1992,"B",0.025,1.16,1.25,13.59
125,1993,"B",0.02,1.275,1.6,7.58
139,1993,"B",0.02,0.879,1.5,8.4
153,1993,"B",0.022,0.805,1.5,7.12
167,1993,"B",0.036,NA,1.5,9.13
181,1993,"B",0.028,0.84,2,9.98
195,1993,"B",0.04,1.243,1.25,18.56
209,1993,"B",0.054,1.34,1,18.07
223,1993,"B",0.032,1.217,1.75,20.97
237,1993,"B",0.048,1.597,1,30.49
252,1993,"B",0.054,1.653,1,42.4
264,1993,"B",0.052,2.444,0.9,45.07
278,1993,"B",0.066,2.264,0.75,30.96
292,1993,"B",0.038,1.447,1,14.65
131,1994,"B",0.026,1.027,2,12.01
137,1994,"B",NA,0.968,1.75,15.13
152,1994,"B",0.024,1.21,1.8,10.79
166,1994,"B",0.018,0.879,2,5.52
180,1994,"B",0.03,1.041,2,10.91
194,1994,"B",0.044,1.573,1.25,58.81
208,1994,"B",0.062,1.985,0.75,44.62
222,1994,"B",0.046,2.104,0.75,48.48
236,1994,"B",0.034,2.327,0.75,34.68
251,1994,"B",0.046,0.917,0.75,29.13
263,1994,"B",0.04,1.667,1,26.81
277,1994,"B",0.036,1.573,1,24.43
283,1994,"B",NA,NA,NA,NA
291,1994,"B",0.024,1.755,1.5,13.52
122,1995,"B",0.018,0.85,2.25,5.18
136,1995,"B",0.01,1.029,1.75,8.13
151,1995,"B",0.016,0.832,2,6.5
167,1995,"B",0.022,0.975,0.75,11.25
178,1995,"B",0.022,0.957,1,7.11
195,1995,"B",0.034,1.149,1.5,20.6
207,1995,"B",0.042,1.381,1.5,20.83
221,1995,"B",0.042,1.543,1,36.17
234,1995,"B",0.01,1.844,0.75,24.13
249,1995,"B",0.036,1.507,1,23.87
262,1995,"B",0.034,1.088,1.5,17.78
276,1995,"B",0.016,0.944,1.5,13.59
293,1995,"B",0.044,1.586,1.3,15.53
130,1996,"B",0.028,0.851,2.25,3.74
144,1996,"B",0.02,0.826,2.25,5.92
157,1996,"B",0.026,0.945,1.75,6.66
171,1996,"B",0.026,0.883,2.25,3.64
186,1996,"B",0.024,1.08,2,7.21
199,1996,"B",0.042,0.966,2,3.56
213,1996,"B",0.04,0.914,2.5,10.84
227,1996,"B",0.05,1.322,1.5,10.99
241,1996,"B",0.068,1.706,1.1,38.19
255,1996,"B",0.056,1.392,1.25,5.49
270,1996,"B",0.092,1.215,1.75,10.74
282,1996,"B",0.02,0.946,2,7.51
298,1996,"B",0.038,1.264,1.9,3.58
133,1997,"B",0.01,0.868,3,2.16
147,1997,"B",0.016,0.866,3,5.39
161,1997,"B",0.01,0.773,3,7.57
175,1997,"B",0.026,1.112,2.3,13.02
189,1997,"B",0.032,1.056,1.6,9.88
203,1997,"B",0.024,1.018,2.2,14.56
217,1997,"B",0.032,1.054,2,16.75
231,1997,"B",0.048,1.343,1.6,20.96
246,1997,"B",0.042,1.227,1.5,12.3
259,1997,"B",0.034,1.216,1.5,12.92
273,1997,"B",0.028,0.964,1.5,6.06
287,1997,"B",0.028,1.084,1.75,8.9
300,1997,"B",0.024,0.759,2.25,4.64
132,1998,"B",0.016,0.978,2,7.44
146,1998,"B",0.034,0.865,2.5,6.42
160,1998,"B",0.02,0.939,2.25,4.35
175,1998,"B",0.026,0.687,4.25,4.26
188,1998,"B",0.062,2.816,2,12.92
203,1998,"B",0.056,1.284,1.25,19.66
217,1998,"B",0.034,1.032,1.75,16.21
231,1998,"B",0.088,1.873,1,44.41
244,1998,"B",0.056,1.475,1,20.44
257,1998,"B",0.058,1.402,1.25,32.11
273,1998,"B",0.048,1.614,0.75,26.57
288,1998,"B",0.032,0.952,1.5,12.59
302,1998,"B",0.03,1.144,1.5,9.33
124,1999,"B",0.014,0.752,2.5,2.98
138,1999,"B",0.016,0.578,3,1.27
152,1999,"B",0.02,0.911,1.75,4.38
166,1999,"B",0.034,1.226,1.25,6.28
180,1999,"B",0.028,0.688,3.25,8.62
194,1999,"B",0.032,0.926,1.75,8.24
208,1999,"B",0.056,1.684,1,32.37
222,1999,"B",0.036,1.828,0.75,28.83
236,1999,"B",0.06,1.488,1,18.43
251,1999,"B",0.064,1.383,1,24.91
264,1999,"B",0.066,1.258,1,21.05
279,1999,"B",0.044,1.333,1,15.86
292,1999,"B",0.032,1.035,1.75,8.9
129,2000,"B",0.014,0.72,2.75,2.38
144,2000,"B",0.02,1.134,2.5,2.76
158,2000,"B",NA,0.845,1.75,7.58
171,2000,"B",0.034,0.987,2.25,9.98
186,2000,"B",0.036,1.137,1.33,7.16
199,2000,"B",0.038,0.711,1.5,21.73
213,2000,"B",0.036,0.863,2,7.53
227,2000,"B",0.044,0.754,1.75,14.76
241,2000,"B",0.036,1.158,1.5,18.99
255,2000,"B",0.064,1.01,1.75,15.21
269,2000,"B",0.04,0.56,1.5,15.43
284,2000,"B",0.028,1.021,1.5,11.4
297,2000,"B",0.024,0.707,1.75,14.33
128,2001,"B",0.016,0.699,3,3.05
143,2001,"B",0.026,0.904,2.25,9.23
156,2001,"B",0.028,1.022,1.75,13.3
170,2001,"B",0.024,0.673,2.25,5.11
185,2001,"B",0.052,1.028,1.75,7.55
198,2001,"B",0.052,0.828,2.5,5.18
212,2001,"B",0.036,0.832,4,13.19
226,2001,"B",0.046,1.21,1.5,23.69
240,2001,"B",0.072,1.625,1.1,39.16
256,2001,"B",0.08,1.595,0.75,26.48
268,2001,"B",0.068,1.272,1.25,14.22
283,2001,"B",0.056,1.269,1.25,20.75
296,2001,"B",0.032,0.849,1.75,16.22
127,2002,"B",0.014,0.777851,3.5,1.96
142,2002,"B",0.014,0.7049,2.75,2.09
155,2002,"B",0.016,0.791424,2.5,6.61
169,2002,"B",0.03,0.87212,3.25,3.01
184,2002,"B",0.027,1.006384,2.5,5.59
197,2002,"B",0.024,0.965504,1.75,8.43
211,2002,"B",0.044,1.107846,1.75,18.62
225,2002,"B",0.037,0.771318,1.25,14.3
239,2002,"B",0.053,1.328792,1.25,24.9
252,2002,"B",0.03,1.06291,1.5,16.67
267,2002,"B",0.037,1.232173,1.25,20.06
281,2002,"B",0.039,1.641471,1.25,26.87
302,2002,"B",0.031,0.672441,2.5,8.82
126,2003,"B",0.016,0.667057,2.25,6.15
141,2003,"B",0.02,0.799748,2.25,7.65
154,2003,"B",0.02,0.766786,2.25,7.68
168,2003,"B",0.022,0.75414,2.25,9.96
184,2003,"B",0.026,0.705269,2.25,3.92
196,2003,"B",0.041,0.720137,2,13.51
211,2003,"B",0.04,1.036361,1.5,12.68
225,2003,"B",NA,0.841457,1.75,9.99
238,2003,"B",0.048,0.939947,1.5,21.58
252,2003,"B",0.04,0.957273,1.25,22.19
266,2003,"B",0.046,0.780593,1.25,28.26
280,2003,"B",0.029,0.878961,1.75,12.74
295,2003,"B",0.025,0.930977,2,12.97
132,2004,"B",0.015,0.617499,4.25,3
139,2004,"B",0.015,0.666845,2.5,4.59
153,2004,"B",0.027,0.90324,1.75,8.21
167,2004,"B",0.028,0.850827,2,6.16
181,2004,"B",NA,1.245857,1.25,21.44
195,2004,"B",0.038,0.89152,1.75,11.55
209,2004,"B",0.036,0.897595,1.5,12.81
224,2004,"B",0.04,1.26431,1.5,12.43
237,2004,"B",0.053,1.182925,1.25,12.37
252,2004,"B",0.038,1.077451,1.25,21.63
265,2004,"B",0.031,1.211531,1.5,16.23
279,2004,"B",0.044,1.462677,1,21.69
294,2004,"B",0.042,1.342294,1,25.53
123,2005,"B",0.016,0.730405,2.25,2.51
137,2005,"B",0.022,0.919783,1.75,9.55
151,2005,"B",0.02,0.696745,2.5,5.71
165,2005,"B",0.027,0.61254,2.75,5.5
179,2005,"B",0.023,0.694739,3,4.08
193,2005,"B",0.022,0.922619,2,7.98
207,2005,"B",0.047,1.580275,1,32.52
221,2005,"B",0.064,1.443338,1,30.97
235,2005,"B",0.06,1.849071,1,38.57
250,2005,"B",0.067,1.749445,0.75,41.16
264,2005,"B",0.072,2.234138,0.75,51.54
277,2005,"B",0.048,1.608,0.5,69.82
291,2005,"B",0.039,1.941024,1.25,25.7
122,2006,"B",0.01,0.837,3,5.18
136,2006,"B",0.017,0.909,1.75,5.84
150,2006,"B",0.017,0.702,2.75,3.23
164,2006,"B",0.064,0.909,1.75,7.07
178,2006,"B",0.026,1.067,1.5,9.67
192,2006,"B",0.039,2.173,1.25,11.89
207,2006,"B",0.059,1.43,1.3,27.11
221,2006,"B",0.054,1.705,1,29.29
234,2006,"B",0.063,1.765,0.6,41.03
249,2006,"B",0.043,1.408,0.8,35.8
262,2006,"B",0.035,1.209,1.25,23.23
276,2006,"B",0.037,1.239,1,19.7
291,2006,"B",0.026,1.085,1.25,11.08
121,2007,"B",0.013,0.9,1.75,2.56
136,2007,"B",0.021,1.677,1.75,7.9
146,2007,"B",NA,NA,NA,NA
149,2007,"B",0.018,0.784,2.5,6.89
163,2007,"B",0.021,0.764,2.5,3.94
177,2007,"B",0.031,0.949,1.75,7.54
191,2007,"B",0.051,0.893,1.5,19.76
205,2007,"B",0.046,1.173,1.25,15.24
220,2007,"B",0.077,1.967,2.75,43.98
234,2007,"B",0.069,1.969,0.5,24.4
248,2007,"B",0.059,1.267,1.25,19.42
261,2007,"B",0.049,1.403,1.25,21.61
275,2007,"B",0.045,1.733,1,23.4
289,2007,"B",0.036,1.396,1.25,13.68
127,2008,"B",0.017,0.879,1.75,4.31
142,2008,"B",0.023,0.766,2,6.78
155,2008,"B",0.021,0.776,2,7.31
169,2008,"B",0.028,0.865,1.75,9.73
185,2008,"B",0.047,1.287,1,13.1
197,2008,"B",0.056,1.324,1.25,18.35
211,2008,"B",0.04,1.065,1,13.64
225,2008,"B",0.033,0.919,1.5,12.25
239,2008,"B",0.101,1.423,1.25,11.18
253,2008,"B",0.046,1.348,1.5,18.98
267,2008,"B",0.027,0.915,1.75,8.92
282,2008,"B",0.025,0.789,1.75,11.65
295,2008,"B",0.023,0.908,1.5,10.2
132,2009,"B",0.019,0.860409113,2.5,4.93
146,2009,"B",0.021,0.969054577,1.75,5.07
160,2009,"B",0.023,0.790184121,2,6.37
174,2009,"B",0.032,0.901729698,1.75,12.88
188,2009,"B",0.036,1.072604002,1.5,13.55
202,2009,"B",0.037,0.889438923,2,4.25
217,2009,"B",0.036,1.073398647,1.75,18.3
231,2009,"B",0.033,1.168425829,1.25,16.53
244,2009,"B",0.03,1.002628429,1.5,11.2
258,2009,"B",0.035,1.133305167,1.5,14.97
272,2009,"B",0.036,1.134303601,1.25,15.97
287,2009,"B",0.016,0.752388527,2.25,8.03
300,2009,"B",0.013,0.695620539,2.5,5.05
131,2010,"B",0.013,0.806827408,2.25,6.77
147,2010,"B",0.015,0.673825239,3.5,3.72
160,2010,"B",0.032,1.061058184,1.75,17.84
173,2010,"B",0.032,0.873831806,2,8.01
188,2010,"B",0.027,0.881928675,1.75,5.7
202,2010,"B",0.036,1.045939756,1.65,13.87
216,2010,"B",0.047,1.394597339,1.5,16.62
229,2010,"B",0.051,1.399831127,1,28.57
243,2010,"B",0.029,1.078206226,1.5,13.26
257,2010,"B",0.037,1.288174684,1.25,15
272,2010,"B",0.03,1.258318142,1,12.36
286,2010,"B",0.025,0.983927802,1.5,7.84
300,2010,"B",0.024,0.829956975,2,8.04
131,2011,"B",0.014,0.735355323,2,8.52
145,2011,"B",0.018,0.773439392,1.75,11.03
158,2011,"B",0.018,0.769643255,2.25,6.72
172,2011,"B",0.021,0.635440222,2,7.07
186,2011,"B",0.032,0.899416333,1.75,7.06
200,2011,"B",0.041,1.193595835,1.25,17.06
215,2011,"B",0.051,1.302969419,1,25.48
228,2011,"B",0.029,1.044986856,1.5,19.56
242,2011,"B",0.036,1.10758188,1.5,15.03
257,2011,"B",0.035,1.250727661,1.25,17.16
271,2011,"B",0.028,1.12356026,1.5,14.73
285,2011,"B",0.02,0.752555905,2,7.35
298,2011,"B",0.032,0.947160768,1.5,13.17
117,2012,"B",0.013,0.684461163,2.25,3.46
129,2012,"B",0.031,0.650490747,3.25,3.76
145,2012,"B",0.014,0.566335472,2.75,2.6
157,2012,"B",0.047,0.882356135,1.75,23.38
171,2012,"B",0.037,0.977359347,1.5,5.99
187,2012,"B",0.042,1.098764052,1.5,11.86
201,2012,"B",0.055,1.512067094,1,24.87
215,2012,"B",0.015,1.277884948,1.25,15.81
228,2012,"B",0.029,1.280039746,1.25,22.64
241,2012,"B",0.026,1.227593612,1.5,13.79
255,2012,"B",0.052,1.360407262,1,33.64
270,2012,"B",0.038,1.383272576,1,22.61
284,2012,"B",0.021,0.903908687,1.5,14.98
297,2012,"B",NA,0.854577015,1.75,11.6
129,2013,"B",0.014,0.805205286,2,6.49
143,2013,"B",0.017,0.695680024,2.5,3.55
155,2013,"B",0.017,0.834528014,2.25,9.73
170,2013,"B",0.014,0.973387221,1.5,8.59
184,2013,"B",0.029,1.244734212,1.75,18.84
197,2013,"B",0.0243,0.923921812,1.75,7.03
212,2013,"B",0.0522,1.295897824,1.25,16.18
225,2013,"B",0.015,0.869972164,1.5,8.36
239,2013,"B",0.024,1.014835287,1.5,8.44
253,2013,"B",0.015,1.032748149,1.25,16.05
267,2013,"B",0.021,0.932387214,1.75,12.95
282,2013,"B",0.019,1.148008092,1.75,14.61
303,2013,"B",0.01,0.670666901,2.25,5.03
126,2014,"B",0.009,0.845899999141693,2.25,3.80587482452393
141,2014,"B",0.009,0.848200023174286,2.75,6.92302513122559
154,2014,"B",0.02,0.751600027084351,2.5,9.36393737792969
169,2014,"B",0.013,1.15849995613098,1.5,15.7496242523193
184,2014,"B",0.024,1.02250003814697,2.25,8.68762588500977
196,2014,"B",0.013,1.05630004405975,1.75,10.0892496109009
210,2014,"B",0.02,1.31690001487732,1.5,10.9011249542236
224,2014,"B",0.017,0.984200000762939,1.75,3.37807607650757
238,2014,"B",0.0186,0.842899978160858,1.899999976,NA
252,2014,"B",0.016,1.0003000497818,1.5,6.45187330245972
266,2014,"B",0.02,1.03480005264282,2,7.08570003509521
280,2014,"B",0.019,0.912500023841858,1.75,9.03432846069336
296,2014,"B",0.0305,0.854099988937378,2,5.43677854537964
126,2015,"B",0.012,NA,NA,4.04729986190796
140,2015,"B",0.016,NA,NA,11.4764623641968
154,2015,"B",0.0429,NA,NA,11.7213048934937
168,2015,"B",0.022,NA,NA,5.8055624961853
181,2015,"B",0.024,NA,NA,8.44225025177002
195,2015,"B",0.022,NA,NA,12.7027497291565
209,2015,"B",0.024,NA,NA,11.9444622993469
223,2015,"B",0.026,NA,NA,23.2726240158081
238,2015,"B",0.03,NA,NA,35.0152492523193
252,2015,"B",0.02,NA,NA,20.0294246673584
266,2015,"B",0.029,NA,NA,20.71462059021
279,2015,"B",0.025,NA,NA,17.7158823013306
294,2015,"B",0.016,NA,NA,10.7613120079041
182,1972,"C",0.0305,1.1,1.9,NA
169,1972,"C",0.0245,0.77,2.3,NA
139,1972,"C",0.0165,0.67,3.3,NA
222,1972,"C",0.018,0.43,3.1,NA
259,1972,"C",0.017,0.63,3.2,NA
131,1972,"C",0.0195,0.66,2.9,NA
117,1972,"C",0.0125,0.67,3.3,NA
105,1972,"C",0.028,0.9,2.2,NA
132,1972,"C",0.0155,0.51,4,NA
148,1972,"C",0.0215,0.79,2.9,NA
160,1972,"C",0.0215,0.52,3.8,NA
174,1972,"C",0.051,0.4,2.9,NA
187,1972,"C",0.026,0.72,2.9,NA
219,1972,"C",0.0185,0.67,3,NA
229,1972,"C",0.016,0.53,2.6,NA
243,1972,"C",0.0185,0.44,4.2,NA
246,1972,"C",0.0295,0.66,2.6,NA
257,1972,"C",0.022,0.71,2.8,NA
271,1972,"C",0.0225,0.54,3,NA
288,1972,"C",0.022,0.52,3.7,NA
299,1972,"C",0.021,0.56,3,NA
182,1973,"C",0.0525,0.89,3.1,NA
169,1973,"C",0.029,0.79,2.6,NA
139,1973,"C",0.0255,0.61,3.2,NA
222,1973,"C",0.0225,0.69,3,NA
259,1973,"C",0.026,0.42,2.2,NA
131,1973,"C",0.0185,0.53,2.9,NA
208,1973,"C",0.0155,0.51,3.7,NA
105,1973,"C",0.0175,0.59,2.7,NA
132,1973,"C",0.0225,0.56,2.6,NA
143,1973,"C",0.019,0.6,2.5,NA
147,1973,"C",0.019,0.87,2.8,NA
159,1973,"C",0.014,0.74,2.4,NA
173,1973,"C",0.0215,0.54,2.8,NA
187,1973,"C",0.026,0.76,2.5,NA
219,1973,"C",0.0225,0.55,2.4,NA
229,1973,"C",0.0315,0.72,2.9,NA
243,1973,"C",0.0315,0.6,2.4,NA
246,1973,"C",0.0335,0.58,2.7,NA
257,1973,"C",0.0325,0.62,2.4,NA
271,1973,"C",0.0305,0.69,3.1,NA
288,1973,"C",0.032,0.64,2.8,NA
299,1973,"C",0.0265,0.51,2.8,NA
134,1973,"C",0.035,0.64,3,NA
147,1973,"C",0.0515,0.64,3.2,NA
162,1974,"C",0.0205,0.67,2,NA
175,1974,"C",0.017,0.81,1.5,NA
188,1974,"C",0.018,1.03,2.3,NA
202,1974,"C",0.0185,0.75,3.1,NA
224,1974,"C",0.0175,0.86,2.2,NA
237,1974,"C",0.015,0.73,2.4,NA
267,1974,"C",0.0185,0.77,2.5,NA
278,1974,"C",0.022,0.74,2.4,NA
293,1974,"C",0.0175,0.69,3.5,NA
130,1974,"C",0.015,0.64,2.9,NA
138,1974,"C",0.014,0.63,3,NA
152,1974,"C",0.022,0.63,1.9,NA
167,1974,"C",0.025,0.64,2.4,NA
172,1974,"C",0.0255,0.54,3.3,NA
179,1974,"C",0.019,0.72,2.4,NA
186,1974,"C",0.025,0.87,1.8,NA
194,1974,"C",0.0285,0.86,1.9,NA
200,1974,"C",NA,0.68,2.4,NA
208,1974,"C",0.0695,0.66,2.5,NA
214,1974,"C",0.023,0.63,2.7,NA
221,1974,"C",0.0355,0.72,2.5,NA
228,1974,"C",0.03,0.66,3,NA
235,1974,"C",0.025,0.64,2.7,NA
242,1975,"C",0.0655,0.99,2,NA
250,1975,"C",0.017,0.87,2.5,NA
256,1975,"C",0.0145,0.85,2.2,NA
265,1975,"C",0.0185,0.81,2.4,NA
278,1975,"C",0.016,0.61,3,NA
291,1975,"C",0.0145,0.6,2.5,NA
312,1975,"C",0.0175,0.68,2.1,NA
106,1975,"C",0.0155,0.68,1.6,NA
125,1975,"C",0.023,0.91,1.6,NA
156,1975,"C",0.019,0.74,1.6,NA
159,1975,"C",0.0235,0.67,2.6,NA
168,1975,"C",0.0185,0.66,3,NA
187,1975,"C",0.025,0.56,2.6,NA
196,1975,"C",0.0235,0.71,2.3,NA
212,1975,"C",0.0235,0.4,2.2,NA
224,1975,"C",0.0265,0.54,2.3,NA
239,1975,"C",0.0235,0.62,3,NA
251,1975,"C",0.0215,0.75,3,NA
268,1975,"C",0.0225,0.65,2.7,NA
282,1975,"C",0.0255,0.51,4,NA
295,1975,"C",0.023,0.46,3.5,NA
322,1975,"C",0.0245,0.65,3.2,NA
134,1976,"C",0.0215,NA,2.6,NA
147,1976,"C",0.019,NA,2.6,NA
162,1976,"C",0.014,0.59,3.2,NA
166,1976,"C",0.0185,0.39,3.2,NA
175,1976,"C",0.0135,0.56,2.1,NA
188,1976,"C",0.0275,0.88,2.4,NA
202,1976,"C",0.0175,0.51,2.6,NA
209,1976,"C",0.0185,0.5,3.5,NA
224,1976,"C",0.015,0.47,2.9,NA
237,1976,"C",0.016,0.47,2.9,NA
258,1976,"C",0.017,0.7,2.2,NA
267,1976,"C",0.023,0.49,3.3,NA
278,1976,"C",0.0185,0.92,2,NA
130,1976,"C",0.014,0.47,4.4,NA
137,1976,"C",0.02,0.72,2.6,NA
138,1976,"C",0.024,0.6,3,NA
152,1976,"C",0.021,0.58,2.7,NA
167,1976,"C",0.022,0.8,2,NA
172,1976,"C",0.0245,0.72,2.3,NA
179,1976,"C",0.0285,0.54,3.2,NA
186,1976,"C",0.0215,0.58,3.1,NA
194,1976,"C",0.027,0.58,2.3,NA
200,1976,"C",0.021,0.56,3.8,NA
208,1976,"C",0.0285,0.52,3.5,NA
214,1976,"C",0.0235,0.51,4.1,NA
221,1976,"C",0.028,0.65,3.2,NA
228,1977,"C",0.0215,0.53,3.5,NA
235,1977,"C",0.022,0.76,2.7,5.7
242,1977,"C",0.0165,0.52,3.1,9.9
250,1977,"C",0.015,0.54,3,5.8
256,1977,"C",0.013,0.49,4.1,3.3
265,1977,"C",0.021,0.54,3.8,4
278,1977,"C",0.013,0.57,3.7,5.4
291,1977,"C",0.019,0.51,4.2,5
312,1977,"C",0.013,0.54,3.7,5.3
321,1977,"C",0.014,0.43,3.9,6.5
106,1977,"C",0.0165,0.4,4,3.6
125,1977,"C",0.0215,0.41,3.9,5.4
139,1977,"C",0.0185,0.39,4,4.2
156,1977,"C",0.0305,0.39,4.4,3.9
159,1977,"C",0.023,0.64,3,7.6
168,1977,"C",0.022,0.65,2.8,10.4
180,1977,"C",0.025,0.5,3.3,8.3
187,1977,"C",0.0255,0.47,3.9,8.9
196,1977,"C",0.0255,0.72,3.6,12.4
211,1977,"C",0.0285,0.66,3.5,6.6
224,1977,"C",0.022,0.5,3,7.4
239,1977,"C",0.0225,0.53,3.5,7.5
251,1977,"C",0.027,0.5,2.9,7.5
267,1977,"C",0.03,0.5,4.8,8.6
271,1977,"C",0.0235,NA,3.7,NA
278,1978,"C",NA,NA,NA,NA
295,1978,"C",0.021333333,0.81,2.6,3.2
322,1978,"C",0.017666667,0.96,1.8,7
185,1978,"C",0.0175,0.73,3,5.9
212,1978,"C",0.009,0.69,2.1,3.9
240,1978,"C",0.016,0.82,2,6.4
189,1978,"C",0.015,0.45,4.5,2.2
132,1978,"C",0.011,0.45,3.4,4.7
147,1978,"C",0.016,0.55,4,6.1
160,1978,"C",0.009,0.51,3.1,4
166,1978,"C",0.018,0.59,3,5.4
175,1978,"C",0.029333333,0.54,4.4,5
188,1978,"C",0.016333333,0.51,3.9,3.9
202,1978,"C",0.019333333,0.5,3.8,4.9
210,1978,"C",0.016333333,0.51,4,8
224,1978,"C",0.018,0.49,4,4
237,1978,"C",0.019,0.71,2.5,10.1
252,1978,"C",0.024,0.61,3,7.9
258,1978,"C",0.022,0.61,3,7.1
267,1978,"C",0.017666667,0.92,2.4,13.2
278,1978,"C",0.018,0.54,3.7,8.6
293,1978,"C",0.022,0.52,4,8
130,1978,"C",0.0265,0.69,3.3,13.1
137,1978,"C",0.034333333,0.77,2.8,20.9
138,1979,"C",0.0165,NA,2.8,7.7
152,1979,"C",0.016333333,0.85,2.4,5.3
167,1979,"C",0.018,0.66,2.9,5.6
172,1979,"C",0.015333333,0.94,2.5,4.7
179,1979,"C",0.013,0.63,3,5.5
186,1979,"C",0.017666667,0.78,2.4,6.4
194,1979,"C",0.011666667,0.63,3,6.9
200,1979,"C",0.019,0.5,4,6.2
208,1979,"C",0.014333333,0.64,2,7.6
214,1979,"C",0.009666667,0.64,2.5,6.1
221,1979,"C",0.013,0.53,2.3,10.7
228,1979,"C",0.0145,0.58,2.2,6.8
235,1979,"C",0.019333333,0.85,1.6,7
242,1979,"C",0.010666667,0.58,2.1,6.5
250,1979,"C",0.028666667,0.58,2.8,9.8
256,1979,"C",0.02,0.44,3.1,7.7
265,1979,"C",0.044333333,0.64,2.3,14.7
278,1979,"C",0.018,0.64,3.1,8.7
291,1979,"C",0.019666667,0.34,2,10.7
312,1979,"C",0.02,0.56,2.6,10.3
129,1979,"C",0.027333333,0.42,2,18.5
206,1979,"C",0.025,0.87,2.2,16
106,1979,"C",NA,NA,NA,NA
125,1979,"C",NA,NA,NA,NA
132,1980,"C",NA,NA,NA,NA
139,1980,"C",0.027,NA,1.7,11.9
156,1980,"C",0.024,NA,2,7.6
159,1980,"C",0.0155,0.7,2.5,6.7
168,1980,"C",0.018,0.69,2.9,6.8
180,1980,"C",0.030666667,0.6,2.8,4.3
187,1980,"C",0.016,NA,2.5,6.1
196,1980,"C",0.017,0.55,3.5,4.9
211,1980,"C",0.013,0.54,3.5,6.7
224,1980,"C",0.015333333,0.5,3.2,3.9
239,1980,"C",0.017333333,0.72,2,9
251,1980,"C",NA,0.63,2.4,9.2
267,1980,"C",0.014333333,0.54,3.2,7.5
271,1980,"C",0.032,0.56,2.8,6.9
281,1980,"C",0.06,0.7,1.9,10.8
295,1980,"C",0.017,0.78,1.5,14.7
322,1980,"C",0.014333333,0.71,2,14.3
185,1980,"C",0.016666667,0.82,2,15.2
212,1980,"C",0.0145,0.78,1.8,17.7
240,1980,"C",0.018666667,0.83,2.1,16.1
187,1980,"C",0.014333333,0.71,2,16.9
196,1980,"C",0.032666667,0.54,2.5,8.6
211,1980,"C",0.0195,0.6,3,9.3
224,1980,"C",0.016,0.61,2.9,9
239,1981,"C",0.022333333,0.54,2.9,6.5
252,1981,"C",0.040333333,0.59,2.9,6.1
267,1981,"C",0.021333333,0.51,2.1,5.7
281,1981,"C",0.016,0.51,3.5,6.4
295,1981,"C",0.017,0.52,2.8,5.1
105,1981,"C",0.016,0.41,3.2,4.7
132,1981,"C",0.018,0.54,2.5,7.2
147,1981,"C",0.019333333,0.47,3.5,4
159,1981,"C",0.021,0.58,3.3,8.1
173,1981,"C",0.0215,0.47,3.5,3.7
189,1981,"C",0.021333333,0.7,2.2,12.2
204,1981,"C",0.023333333,0.75,1.8,7.4
217,1981,"C",0.019333333,0.63,2.1,8.5
230,1981,"C",0.018333333,0.63,2.6,8.7
246,1981,"C",0.017333333,0.58,2.9,11.1
259,1981,"C",0.019666667,0.74,2.5,14.2
273,1981,"C",0.019,0.68,2.2,10.8
105,1981,"C",0.015333333,0.69,2,13.4
132,1981,"C",0.022333333,0.51,2.5,11.2
147,1981,"C",0.031333333,0.7,1.9,17.6
159,1981,"C",0.027333333,0.5,2.6,13.1
173,1981,"C",0.0365,0.87,2.7,11.5
189,1982,"C",0.018,NA,2.8,NA
217,1982,"C",0.0175,0.71,2.4,5.8
231,1982,"C",0.016666667,0.52,2.8,3.5
246,1982,"C",0.0155,0.47,2.6,5.2
260,1982,"C",0.020666667,0.75,2.6,5.9
273,1982,"C",0.019666667,0.6,3,3.8
127,1982,"C",0.014,0.52,3,5.1
139,1982,"C",0.0125,0.71,2.7,5.9
153,1982,"C",0.025,0.65,3,6.1
166,1982,"C",0.031,0.46,2.8,4.6
180,1982,"C",0.0125,0.43,4,3.6
195,1982,"C",NA,0.58,3.2,3.1
209,1982,"C",0.018,0.6,3,6.1
217,1982,"C",0.0155,0.68,2.3,9.3
229,1982,"C",0.01,0.59,2.9,7.4
244,1982,"C",0.017666667,0.61,2.5,6.5
258,1982,"C",0.022,0.43,3,6.9
272,1982,"C",0.017666667,0.35,3,5.9
286,1982,"C",0.012666667,0.49,3.4,8.9
299,1982,"C",0.018666667,0.46,2.5,9.9
126,1982,"C",0.028,0.5,3,8.1
140,1982,"C",0.0125,0.46,2.8,6.7
153,1983,"C",0.017666667,NA,2.8,11.2
166,1983,"C",0.015333333,0.43,2.9,8.8
180,1983,"C",0.012,0.46,3.3,6.7
195,1983,"C",0.027,0.52,3.9,3.6
208,1983,"C",0.012333333,0.55,3.2,6.3
216,1983,"C",0.018333333,0.57,2.2,7.5
229,1983,"C",0.011,0.55,3.2,7.1
244,1983,"C",0.017,0.52,2.9,7.5
258,1983,"C",0.016666667,0.86,1.8,23.9
272,1983,"C",0.019666667,0.54,2.6,7.5
286,1983,"C",0.0155,0.5,3.7,7.8
299,1983,"C",0.0275,NA,4,NA
216,1984,"C",0.013666667,0.44,3.1,4.9
126,1984,"C",0.020333333,0.54,2.1,4.7
139,1984,"C",0.015666667,0.49,2.7,4.5
153,1984,"C",0.01,0.38,2.5,5.4
166,1984,"C",0.011,0.44,3.9,4.4
180,1984,"C",0.013333333,0.41,3.5,6
195,1984,"C",0.0135,0.58,2.1,6
209,1984,"C",0.015666667,0.63,1.5,8
217,1984,"C",0.015333333,1.03,1.2,27.3
218,1984,"C",0.016666667,0.67,2,16.1
230,1984,"C",0.0125,0.52,3.2,7.3
244,1985,"C",0.0115,0.74,2.9,8.1
258,1985,"C",0.0135,0.42,5,4.7
272,1985,"C",0.013,0.54,4.1,4.7
287,1985,"C",0.0115,0.4,5.2,4.6
299,1985,"C",0.013333333,0.46,4.6,4.6
300,1985,"C",0.012,0.42,4,4.9
110,1985,"C",0.014,0.51,2.4,7.5
132,1985,"C",0.016333333,0.61,2.5,10.1
146,1985,"C",0.039333333,0.52,2.6,15.2
161,1985,"C",0.022666667,0.64,2.2,19.3
168,1985,"C",0.021666667,0.63,2.3,13.7
175,1986,"C",0.0105,NA,3.3,5.8
188,1986,"C",0.013666667,0.43,2.7,6.9
205,1986,"C",0.0105,0.56,3,5.7
216,1986,"C",0.012333333,0.43,3.5,6.5
232,1986,"C",0.009,0.43,3.2,6.4
243,1986,"C",0.014333333,0.65,2.5,8.6
259,1986,"C",0.015333333,0.75,2.2,13.9
273,1986,"C",0.018666667,0.79,2.5,6
289,1986,"C",0.012666667,0.43,2,9.6
302,1986,"C",0.011,0.41,4.7,7.6
313,1986,"C",NA,0.56,NA,8
335,1987,"C",0.0125,0.46,NA,4.3
338,1987,"C",0.0095,0.33,4,3.4
102,1987,"C",0.0085,0.37,4.5,3.4
110,1987,"C",0.0065,0.43,4.5,8.2
118,1987,"C",0.012,0.5,3,5.9
124,1987,"C",0.006,0.5,2.75,6.1
131,1987,"C",0.014666667,0.63,2.75,10.7
133,1987,"C",0.012,0.47,3.5,8.7
139,1987,"C",0.004666667,0.62,2.75,17.9
145,1987,"C",0.012333333,0.37,4.3,7.6
154,1987,"C",0.013333333,0.57,4.3,4.8
161,1987,"C",0.006,0.5,4.1,7.3
166,1988,"C",0.0155,0.91,2.75,7.14
174,1988,"C",0.016,0.626,2.9,6.225
180,1988,"C",0.014,0.53,3.25,6.12
188,1988,"C",0.05,0.41,3.1,6.33
194,1988,"C",0.008,0.43,3.25,7.08
205,1988,"C",0.011333333,0.46,3.8,5.43
210,1988,"C",0.014666667,0.51,3.25,4.15
216,1988,"C",0.037333333,0.53,2.5,6.1
223,1988,"C",0.018333333,0.63,3.3,10.31
230,1988,"C",0.044666667,0.53,3.25,6.57
238,1988,"C",0.018,0.44,4.2,6.74
243,1988,"C",0.018,0.42,3.5,5.63
253,1988,"C",0.0175,0.6,3.25,9.28
257,1989,"C",0.026,0.573,3.25,6.56
259,1989,"C",0.018,NA,2,NA
267,1989,"C",0.009333333,0.534,3.5,5.12
273,1989,"C",0.017666667,0.483,4.6,5.07
289,1989,"C",0.012,0.399,3.2,4.28
292,1989,"C",0.017,0.404,4.75,3.93
302,1989,"C",0.011333333,0.497,2.75,6.97
313,1989,"C",0.011,0.601,2.5,6.92
338,1989,"C",NA,NA,NA,NA
106,1989,"C",0.011,0.394,3.7,4.18
110,1989,"C",0.0105,0.591,3,12.67
119,1989,"C",0.013666667,0.519,3,12.31
125,1989,"C",0.021333333,1.092,3,8.55
132,1989,"C",0.014333333,0.519,3.5,7.66
140,1990,"C",0.016666667,0.649,3.25,5.54
145,1990,"C",0.0115,0.453,3.1,5.27
146,1990,"C",0.009,0.674,2.5,4.74
154,1990,"C",0.01,0.484,3,5.5
161,1990,"C",0.014,0.545,3,6.19
167,1990,"C",0.012,0.499,3.25,6.26
175,1990,"C",0.014666667,0.48,3,9.48
180,1990,"C",NA,0.546,2.4,5.41
188,1990,"C",0.005833333,0.533,2.5,8.37
194,1990,"C",0.011666667,0.593,2.5,9.51
205,1990,"C",0.015333333,0.555,2.75,12
210,1990,"C",0.013666667,0.527,2.775,10.61
216,1990,"C",0.014333333,0.483,3.5,5.64
223,1990,"C",0.015,0.557,3.5,4.66
229,1991,"C",0.018333333,0.568,2.75,6.15
232,1991,"C",0.0105,0.479,2.75,5.05
238,1991,"C",0.006,0.409,3.25,3.13
243,1991,"C",0.014,0.342,4.25,3.01
253,1991,"C",0.009,0.461,2.5,2.97
257,1991,"C",0.010333333,0.575,2,4.55
259,1991,"C",0.0115,0.487,2.5,6.39
267,1991,"C",0.015,0.43,4,6.75
271,1991,"C",0.013,0.451,3,11.42
273,1991,"C",0.0115,0.6,2,12.41
289,1991,"C",0.0105,0.418,4.5,3.31
292,1991,"C",0.00175,0.442,3.75,5.68
302,1991,"C",0.012333333,0.424,3.75,4.62
313,1992,"C",0.014666667,0.808,2.25,9.21
338,1992,"C",0.012666667,0.57,2.75,3.26
106,1992,"C",0.0135,0.32,4.5,2.01
110,1992,"C",0.0065,0.32,4.5,1.78
119,1992,"C",0.005666667,0.45,3,3.42
125,1992,"C",0.011,0.39,3,5.26
132,1992,"C",0.031,0.42,2.75,7.42
140,1992,"C",0.009,0.55,2.5,6.34
145,1992,"C",0.011666667,0.45,2.5,11.48
146,1992,"C",0.01,0.37,3.5,6.65
154,1992,"C",0.022,0.4,2.25,6.3
161,1992,"C",NA,0.612,2.5,9.92
167,1992,"C",0.017666667,0.42,3.5,8.71
175,1992,"C",0.019333333,0.512,3.25,8.29
180,1993,"C",0.019333333,0.749,2,6.46
188,1993,"C",0.011,0.368,3.75,3.7
194,1993,"C",0.018,0.347,3,4.31
205,1993,"C",0.006,NA,3.25,5.14
210,1993,"C",0.01,0.859,3.5,4.72
216,1993,"C",0.01,0.348,3.5,4.43
223,1993,"C",0.01,0.379,4,5.63
230,1993,"C",0.009,0.318,3.5,7.31
238,1993,"C",0.008,0.512,2.25,12.83
243,1993,"C",0.013,0.669,2.25,14.58
253,1993,"C",0.009,0.436,4.25,8.76
259,1993,"C",0.02,0.527,4.25,6.64
267,1993,"C",0.018,0.406,4.25,4.39
273,1994,"C",0.012,0.373,5,3.8
289,1994,"C",0.009,0.474,4,5.59
292,1994,"C",0.011,0.433,4,2.97
299,1994,"C",0.01,0.351,3,5.25
302,1994,"C",0.01,0.499,4.5,3.97
313,1994,"C",0.010666667,0.34,4,2.92
335,1994,"C",0.008666667,0.454,4.5,4.64
338,1994,"C",0.011333333,0.57,3,10.92
105,1994,"C",0.009,0.361,5,5.57
110,1994,"C",0.009,0.323,3.5,7.42
118,1994,"C",0.008,0.671,3.25,7.69
124,1994,"C",0.008,0.324,4.5,4.18
131,1994,"C",0.009333333,0.334,4,6.62
133,1995,"C",0.013,0.617,2.75,5.17
140,1995,"C",0.002,0.396,3.5,2.81
145,1995,"C",0.008,0.406,3.5,2.59
154,1995,"C",0.015,0.361,1.75,3.46
160,1995,"C",0.009,0.293,4.5,2.7
166,1995,"C",0.007,0.31,4,3.51
174,1995,"C",0.008,0.366,3.5,5
180,1995,"C",0.017,0.382,3.5,7.1
188,1995,"C",0.002,0.627,2.25,12.06
194,1995,"C",0.004,0.312,3,5.87
205,1995,"C",0.007,0.366,3.5,5.53
210,1995,"C",0.006,0.33,4.5,2.78
216,1995,"C",0.011,0.282,5,2.8
223,1996,"C",0.012666667,0.673,3.75,2.14
230,1996,"C",0.005,0.434,7,1.24
238,1996,"C",0.006,0.435,5,1.85
243,1996,"C",0.006666667,0.372,4,2.37
253,1996,"C",0.005,0.353,6,1.78
259,1996,"C",0.007333333,0.291,6.75,1.77
267,1996,"C",0.008666667,0.343,4,3.94
273,1996,"C",0.008,0.232,4.5,4.25
289,1996,"C",0.010666667,0.412,3.75,9.38
292,1996,"C",0.01,0.467,5.5,4.39
302,1996,"C",0.017333333,0.343,4,2.73
313,1996,"C",0.016666667,0.39,5,3.16
338,1996,"C",0.019,0.391,4,2.74
126,1996,"C",0.01,NA,NA,NA
140,1997,"C",0.008,0.507,5,1.85
151,1997,"C",0.011333333,0.487,7.5,2.01
167,1997,"C",0.004,0.315,7.75,1.67
196,1997,"C",0.008666667,0.266,9,1.38
208,1997,"C",0.007,0.263,5.5,1.92
216,1997,"C",0.008,0.377,6.1,2.4
229,1997,"C",0.009333333,0.394,4.25,3.96
244,1997,"C",0.006,0.267,3.8,3.63
259,1997,"C",0.007333333,0.382,6,4.11
272,1997,"C",0.009333333,0.337,5.25,3.73
286,1997,"C",0.009333333,0.332,6.25,3.72
299,1997,"C",0.01,0.435,6,5.61
96,1997,"C",0.012,0.264,7,2.07
105,1998,"C",0.006,0.317,5,3.71
110,1998,"C",0.008,0.247,7.75,1.18
118,1998,"C",0.007,0.211,9.5,1.3
124,1998,"C",0.006,0.477,6,1.81
131,1998,"C",0.01,0.358,3.5,3.82
133,1998,"C",0.009,0.234,5,4.07
139,1998,"C",0.007,0.449,5,6.02
146,1998,"C",0.013,1.08,2.25,5.24
155,1998,"C",0.012,0.523,2,14.82
159,1998,"C",0.017,0.29,6,2.93
162,1998,"C",0.011,0.318,8.75,2.6
166,1998,"C",0.013,0.282,9.5,2.45
169,1998,"C",0.017,0.204,5,1.99
173,1999,"C",0.007,0.544,3.75,1.84
180,1999,"C",0.005,0.286,4.75,1.17
187,1999,"C",0.01,0.21,6.75,2.92
194,1999,"C",0.004,0.286,6,1.63
204,1999,"C",0.006,0.29,7,1.7
208,1999,"C",0.009,0.332,7,2.77
217,1999,"C",0.01,0.498,4,5.41
223,1999,"C",0.004,0.272,6.25,2.71
229,1999,"C",0.012,0.424,4.25,4.21
238,1999,"C",0.009,0.402,4.75,3.2
243,1999,"C",0.01,0.238,5,2.92
253,1999,"C",0.02,0.425,6.75,3.1
257,1999,"C",0.016,0.222,5,2.43
264,2000,"C",0.005,0.387,5.75,1
271,2000,"C",0.01,0.303,5.25,1.68
288,2000,"C",NA,0.324,8.25,2.02
293,2000,"C",0.006,0.302,4.75,2.82
299,2000,"C",0.012,0.553,2.75,4.97
313,2000,"C",0.013,0.375,3.25,4.26
126,2000,"C",0.012,0.392,3.5,6.91
140,2000,"C",0.015,0.471,4.75,5.01
153,2000,"C",0.017,0.465,4.75,5.16
167,2000,"C",0.02,0.403,6,1.76
181,2000,"C",0.015,0.355,5.75,4.61
196,2000,"C",0.011,0.372,6,5.33
208,2000,"C",0.013,0.279,8.25,2.99
216,2001,"C",0.007,0.577,3.5,3.4
229,2001,"C",0.008,0.241,5.5,1.85
244,2001,"C",0.006,0.376,7.75,3.08
260,2001,"C",0.006,0.34,6.5,1.81
272,2001,"C",0.01,0.338,5.5,2.55
286,2001,"C",0.009,0.357,5,3.19
299,2001,"C",0.008,0.417,5.25,5.43
96,2001,"C",0.006,0.308,6,2.96
105,2001,"C",0.01,0.287,5.5,4.66
110,2001,"C",0.013,0.382,6,4.59
118,2001,"C",0.015,0.174,5,2.54
124,2001,"C",0.014,0.354,6.5,4.21
131,2001,"C",0.015,0.204,10,3.12
133,2002,"C",0.016,0.550044,8,1.7842875
139,2002,"C",0.01,0.372137,10.25,0.792225
148,2002,"C",0.008,0.501453,5.25,3.7780875
155,2002,"C",0.01,0.414691,5.5,2.743786765
160,2002,"C",0.0125,0.438551,6.25,2.1928
166,2002,"C",0.01,0.416903,4.25,4.4897
174,2002,"C",0.008,0.400522,5.75,5.422325
180,2002,"C",0.0075,0.452019,3,4.642424167
187,2002,"C",0.01,0.404486,3.25,3.40422175
194,2002,"C",0.009,0.351283,3.5,4.06681875
204,2002,"C",0.0095,0.400321,6.25,4.005375
208,2002,"C",0.0075,0.23325,7,2.49498925
217,2002,"C",0.018,0.335548,9.5,1.41380625
223,2003,"C",0.0115,0.402453,3.75,2.230249
229,2003,"C",0.01,0.402622,3.75,4.969425
238,2003,"C",0.0085,0.362099,4.5,2.532690625
246,2003,"C",0.0105,0.404789,7,2.000172938
253,2003,"C",0.0045,0.19994,7,0.9141875
257,2003,"C",0.0065,0.21799,7,2.525
264,2003,"C",0.011,0.299604,6.25,4.19
271,2003,"C",NA,0.356382,5.25,4.575
288,2003,"C",0.009,0.416487,4,5.305
299,2003,"C",0.0095,0.298151,8,2.605
313,2003,"C",0.0075,0.285165,7.5,3.785
174,2003,"C",0.01,0.213251,7.75,2.31
288,2003,"C",0.015,0.255219,6.25,2.56
135,2004,"C",0.008,0.400378,6,1.465
148,2004,"C",0.006,0.346993,9.5,1.54398525
164,2004,"C",0.0105,0.366779,6.75,2.698721875
177,2004,"C",0.011,0.347332,5.5,2.4793375
189,2004,"C",NA,0.286676,7.75,1.535
205,2004,"C",0.013,0.272539,5,6.845
219,2004,"C",0.0085,0.222433,5.5,3.42
233,2004,"C",0.013,0.554889,3.5,7.43
247,2004,"C",0.013,0.317927,6,3.125
261,2004,"C",0.016,0.433875,6.25,2.47054875
274,2004,"C",0.0145,0.49,5,3.544473625
289,2004,"C",0.01,0.353897,4.25,4.17069375
310,2004,"C",0.0145,0.233269,6.25,1.377890625
135,2005,"C",0.0085,0.434732,7,0.8975
148,2005,"C",0.0125,0.417849,7.5,1.91
163,2005,"C",0.007,0.279954,8,1.4675
176,2005,"C",0.0095,0.244226,5,2.365
190,2005,"C",0.0095,0.269814,5.5,0.85
204,2005,"C",0.005,0.383115,4,4.105
218,2005,"C",0.007,0.600996,3.5,6.275
232,2005,"C",0.0075,0.324937,4.25,4.4
247,2005,"C",0.0095,0.404605,4.75,3.89
260,2005,"C",0.013,0.380465,4.25,3.95
274,2005,"C",0.0115,0.348939,6.25,4.4725
288,2005,"C",0.01,0.389135,4,6.18
310,2005,"C",0.013,0.25372,5.5,1.74
134,2006,"C",0.006,0.335,7.75,1.33
147,2006,"C",0.005,0.404,4,1.41
160,2006,"C",0.0085,0.433,4.25,2.58
176,2006,"C",0.0145,0.353,6,1.5
188,2006,"C",0.004,0.275,8.25,1.88
201,2006,"C",0.0055,1.432,3.75,4.28
216,2006,"C",0.012,0.412,3.25,6.49
230,2006,"C",0.0085,0.427,4.5,5.23
244,2006,"C",0.0145,0.47,2.5,9.62
258,2006,"C",0.011,0.525,3.5,5.84
271,2006,"C",0.0165,0.604,2,9.59
289,2006,"C",0.012,0.332,4,5.51
301,2006,"C",0.0125,0.341,5,2.3
128,2007,"C",0.0095,0.515,12.75,1.18
144,2007,"C",0.022,0.244,11,0.91
157,2007,"C",0.049,0.262,7.25,1.26
171,2007,"C",0.0095,0.286,7.5,1.1
186,2007,"C",0.0055,0.275,6.75,2.13
199,2007,"C",0.006,0.264,7.5,2.41
212,2007,"C",0.0135,0.399,3,4.96
226,2007,"C",0.009,0.408,4.5,4.11
241,2007,"C",0.0105,0.443,4.5,6.41
255,2007,"C",0.016,NA,1.75,7.45
268,2007,"C",0.006,0.364,5,4.96
283,2008,"C",0.009,0.604,3.75,1.07
298,2008,"C",0.009,0.342,6.75,0.55
127,2008,"C",0.007,0.403,3.25,2.61
134,2008,"C",0.0055,0.301,7.5,1.42
142,2008,"C",0.008,0.329,8,1.74
155,2008,"C",0.0045,0.254,6.5,2.5
169,2008,"C",0.0075,0.349,3,6.27
184,2008,"C",0.0115,0.423,3.75,4.33
197,2008,"C",0.0065,0.423,3.75,4.57
211,2008,"C",0.011,0.433,4.5,2.19
225,2008,"C",0.0135,0.407,4.75,5.04
239,2008,"C",0.015,0.354,6,4.26
253,2008,"C",0.012,0.345,4.75,2.85
267,2009,"C",0.007,0.480983039,6.7,1.14
282,2009,"C",0.006,0.366891436,3.5,2.71
295,2009,"C",0.0055,0.352416193,4.5,3.43
105,2009,"C",0.006,0.310153913,6.25,1.96
119,2009,"C",0.008,0.30566081,5,2.49
133,2009,"C",0.007,0.308108537,3.5,5.66
147,2009,"C",0.006,0.425457224,4,3.99
161,2009,"C",0.0055,0.250837938,5.5,1.72
175,2009,"C",0.0095,0.31363158,5.5,3.27
189,2009,"C",0.01,0.409802976,4.5,4.59
203,2009,"C",0.0115,0.41384495,4.5,7.29
218,2009,"C",0.009,0.332441169,5.25,4.84
219,2009,"C",0.008,0.278582276,5.5,2.69
231,2010,"C",NA,0.289099466,7,2.68
232,2010,"C",NA,0.323275249,6.75,3.44
246,2011,"C",NA,0.369675551,5,6.09
260,2012,"C",NA,NA,3,NA
273,2013,"C",NA,NA,5.5,NA
288,2013,"C",NA,NA,3.5,2.71
301,2013,"C",NA,NA,6.75,1.47
124,2013,"C",NA,NA,1.75,NA
139,2013,"C",NA,NA,2.5,NA
152,2013,"C",NA,NA,2.5,NA
167,2013,"C",NA,NA,4.75,NA
180,2013,"C",NA,NA,4.75,NA
194,2014,"C",0.0906,NA,5,2.33187508583069
209,2014,"C",0.0108,0.353700011968613,6.5,3.15015602111816
222,2014,"C",0.037,0.409999996423721,5.5,NA
236,2014,"C",0.0259,0.446299999952316,3.25,2.70156240463257
251,2014,"C",0.01,NA,2.25,7.78346538543701
264,2014,"C",0.0147,0.59280002117157,2.5,9.17624950408936
279,2014,"C",0.00025,0.384400010108948,4.5,NA
292,1972,"HB",0.044,1.1,1.7,NA
140,1972,"HB",0.029,0.79,2.2,NA
164,1972,"HB",0.035,0.87,2,NA
194,1972,"HB",0.0315,NA,1.6,NA
243,1972,"HB",0.051,1.1,1.7,NA
109,1972,"HB",0.032,1.18,1.8,NA
123,1972,"HB",0.0465,1.4,1.5,NA
136,1972,"HB",0.045,1.59,1.4,NA
151,1972,"HB",0.0395,1.41,1.4,NA
164,1972,"HB",0.066,1.6,1,NA
178,1972,"HB",0.05,2,1.1,NA
191,1972,"HB",0.085,1.28,1,NA
206,1972,"HB",0.065,1.82,1,NA
220,1972,"HB",0.056,1.21,1.3,NA
234,1972,"HB",0.0785,1.34,1.3,NA
249,1972,"HB",0.059,1.48,1.2,NA
263,1972,"HB",0.093,1.48,1.2,NA
275,1972,"HB",0.098,1.61,1,NA
290,1972,"HB",0.073,1.68,1.4,NA
135,1972,"HB",0.0705,1.65,1.3,NA
151,1972,"HB",0.073,1.71,1.1,NA
161,1973,"HB",0.073,1.07,2.4,NA
184,1973,"HB",0.039,1.46,2,NA
200,1973,"HB",0.0305,0.96,1.9,NA
200,1973,"HB",0.0485,0.86,2.4,NA
220,1973,"HB",0.033,0.89,2.1,NA
227,1973,"HB",0.027,0.69,2.4,NA
261,1973,"HB",0.032,0.93,2.1,NA
276,1973,"HB",0.037,1.05,1.9,NA
134,1973,"HB",0.0385,1.11,1.6,NA
149,1973,"HB",0.0355,1.02,1.6,NA
162,1973,"HB",0.0345,1.44,1.3,NA
174,1973,"HB",0.0365,2,1,NA
188,1973,"HB",0.0445,1.84,1,NA
203,1973,"HB",0.13,1.71,1.3,NA
218,1973,"HB",0.0735,1.53,1.3,NA
230,1973,"HB",0.0745,1.59,1.3,NA
247,1973,"HB",0.033,0.87,1.6,NA
258,1973,"HB",0.045,1.35,1.5,NA
272,1973,"HB",0.0565,1.4,1.2,NA
287,1973,"HB",0.073,1.59,1,NA
301,1973,"HB",0.0745,1.77,1,NA
135,1973,"HB",0.0865,1.77,1.3,NA
148,1973,"HB",0.0735,1.92,1.5,NA
164,1973,"HB",0.0605,1.84,1.2,NA
177,1974,"HB",0.0495,1.49,0.7,NA
189,1974,"HB",0.042,1.21,1.4,NA
205,1974,"HB",0.0985,1.17,2,NA
219,1974,"HB",0.05,1.24,1.6,NA
233,1974,"HB",0.0305,1.1,1.9,NA
246,1974,"HB",0.03,1.24,1.7,NA
261,1974,"HB",0.0405,1.3,1.7,NA
274,1974,"HB",0.0575,1.32,1.5,NA
289,1974,"HB",0.03,1.32,1.4,NA
310,1974,"HB",0.038,1.07,1.3,NA
128,1974,"HB",0.028,1.15,2.3,NA
144,1974,"HB",0.0335,1.11,1.6,NA
157,1974,"HB",0.0725,1.15,1.4,NA
171,1974,"HB",0.029,1.08,1.2,NA
186,1974,"HB",0.0355,1.28,1.3,NA
199,1974,"HB",0.0445,1.42,1,NA
212,1974,"HB",0.0365,1.3,1.2,NA
226,1974,"HB",0.068,1.98,1,NA
241,1974,"HB",0.093,1.71,1,NA
255,1974,"HB",0.061,1.77,0.9,NA
268,1974,"HB",0.0885,2.05,0.8,NA
283,1974,"HB",0.12,2.63,1,NA
298,1974,"HB",0.086,1.88,1,NA
127,1974,"HB",NA,NA,NA,NA
142,1975,"HB",0.032,1.15,1.6,NA
155,1975,"HB",0.0255,0.87,1.7,NA
169,1975,"HB",0.0315,0.98,1.5,NA
184,1975,"HB",0.042,0.93,1.6,NA
197,1975,"HB",0.033,1.1,1.3,NA
211,1975,"HB",0.037,1.24,1.4,NA
225,1975,"HB",0.04,1.3,1,NA
239,1975,"HB",0.049,1,1.2,NA
253,1975,"HB",0.0425,1.1,0.8,NA
267,1975,"HB",0.065,1.56,0.8,NA
282,1975,"HB",0.0525,1.4,1,NA
295,1975,"HB",0.069,2,0.9,NA
119,1975,"HB",0.057,2.05,0.9,NA
133,1975,"HB",0.062,1.6,0.9,NA
147,1975,"HB",0.0695,1.74,0.9,NA
161,1975,"HB",NA,NA,NA,NA
175,1975,"HB",0.066,1.64,1,NA
189,1975,"HB",0.078,1.51,0.9,NA
203,1975,"HB",0.081,1.59,0.9,NA
218,1975,"HB",0.09,1.81,1,NA
219,1975,"HB",0.083,1.88,0.9,NA
231,1975,"HB",0.0815,1.84,0.9,NA
246,1975,"HB",0.081,1.46,0.9,NA
260,1976,"HB",0.028,NA,1.6,NA
273,1976,"HB",0.037,NA,1.5,NA
288,1976,"HB",0.034,1.54,1.8,NA
301,1976,"HB",0.058,1.28,1.5,NA
124,1976,"HB",0.0365,1.44,1.5,NA
139,1976,"HB",0.0265,1.2,1.8,NA
152,1976,"HB",0.0265,NA,1.8,NA
167,1976,"HB",0.03,0.9,1.9,NA
180,1976,"HB",0.034,0.96,1.7,NA
194,1976,"HB",0.0365,1.77,1.1,NA
209,1976,"HB",0.0345,1.65,1,NA
222,1976,"HB",0.0395,1.54,1.3,NA
236,1976,"HB",0.048,2.09,1.3,NA
251,1976,"HB",0.0345,1.54,1.3,NA
264,1976,"HB",0.0365,1.65,1.2,NA
279,1976,"HB",0.052,1.49,1.3,NA
292,1976,"HB",0.0535,1.44,1,NA
140,1976,"HB",0.043,1.49,1.2,NA
164,1976,"HB",0.047,1.49,1.1,NA
194,1976,"HB",0.0395,1.44,1,NA
243,1976,"HB",0.043,1.92,0.9,NA
109,1976,"HB",0.0555,2,0.8,NA
123,1976,"HB",0.04,1.92,1.2,NA
136,1976,"HB",0.124,2.09,0.8,NA
151,1976,"HB",0.056,1.65,1.1,NA
164,1976,"HB",0.0705,2,1.2,NA
178,1977,"HB",0.033,1.32,1.8,NA
191,1977,"HB",0.045,1.3,1.5,8.6
206,1977,"HB",0.026,1.01,1.6,NA
220,1977,"HB",0.024,0.89,2.6,5.4
234,1977,"HB",0.033,0.9,2.3,8
249,1977,"HB",0.046,0.9,2,12.5
263,1977,"HB",0.025,0.84,2.3,12.5
275,1977,"HB",0.023,0.82,2.1,12.1
290,1977,"HB",0.0265,0.86,1.8,9
200,1977,"HB",0.0265,0.96,1.9,11.6
134,1977,"HB",0.0415,0.79,2,12.6
149,1977,"HB",0.0325,1.2,1.1,16.9
162,1977,"HB",0.0335,1.92,1,51.5
174,1977,"HB",0.0485,1.62,1.3,33.2
192,1977,"HB",0.05,1.46,1.2,37.1
203,1977,"HB",0.0535,1.77,1,55
218,1977,"HB",0.061,2.22,1,52.7
230,1977,"HB",0.054,1.54,1.1,35.4
247,1977,"HB",0.0505,1.44,1.5,33.3
258,1977,"HB",0.06,1.55,1.5,36.9
272,1977,"HB",0.061,1.59,1.6,35.4
301,1977,"HB",0.074,1.96,1,38
151,1977,"HB",0.076,1.77,1.3,53.1
184,1977,"HB",0.0745,1.81,1.3,47.3
227,1977,"HB",NA,NA,NA,NA
276,1978,"HB",0.022,0.98,1.8,7.1
134,1978,"HB",0.0225,1.21,1.8,9.4
149,1978,"HB",0.0225,1.28,1.7,12.8
162,1978,"HB",0.0125,1,1.8,9.5
174,1978,"HB",0.021,0.69,3,4.6
188,1978,"HB",0.022,0.73,2,4.9
203,1978,"HB",0.023,0.96,2,12.4
218,1978,"HB",0.0235,0.87,2,13.3
230,1978,"HB",0.0255,0.37,1.8,11.9
247,1978,"HB",0.0285,0.78,2.1,12.5
258,1978,"HB",0.0225,0.98,1.2,14.4
272,1978,"HB",0.031,0.87,1.8,8.7
287,1978,"HB",0.0335,1.15,1.3,17.2
301,1978,"HB",0.0325,1.15,1.5,27.7
134,1978,"HB",0.0465,1.35,1.2,23.6
147,1978,"HB",0.034,1.35,1,31.6
161,1978,"HB",0.041,1.64,0.8,51.8
175,1978,"HB",0.054,1.84,1,47.3
189,1978,"HB",0.058,1.59,1,43.5
203,1978,"HB",0.082,1.77,1.2,49.4
218,1978,"HB",0.081,1.84,1.1,50.2
232,1978,"HB",0.071,1.77,1.1,41.5
246,1978,"HB",0.082,1.54,1,41.9
259,1979,"HB",0.0185,NA,1.9,11.1
272,1979,"HB",0.019666667,0.92,2.1,7.8
287,1979,"HB",0.019,0.94,2.2,6.2
300,1979,"HB",0.021,1.06,2.2,7.3
134,1979,"HB",0.028,0.98,1.6,13.3
147,1979,"HB",0.0245,0.91,2.1,10.5
160,1979,"HB",0.0205,1.12,1.8,16.4
176,1979,"HB",0.0235,0.87,1.6,14.3
188,1979,"HB",0.022,1.1,1.5,15.6
201,1979,"HB",0.0165,1.03,1.5,17.3
216,1979,"HB",0.026,0.9,1.5,20.4
230,1979,"HB",0.0245,1.12,1.3,20.3
244,1979,"HB",0.031,1.1,1,18.1
258,1979,"HB",0.027,1.18,1.5,20.3
271,1979,"HB",0.0605,1.49,1,38.9
289,1979,"HB",0.0405,1.77,1,47.2
301,1979,"HB",0.02,1.96,0.9,65.6
128,1979,"HB",0.061,1.96,0.9,50.4
144,1979,"HB",0.046,2.25,0.6,NA
157,1979,"HB",0.0865,1.71,0.8,43.9
171,1979,"HB",0.053,2.71,0.9,53.2
186,1979,"HB",0.0595,1.74,1.1,45.5
199,1979,"HB",NA,NA,NA,NA
212,1979,"HB",NA,NA,NA,NA
226,1980,"HB",NA,NA,NA,NA
241,1980,"HB",NA,NA,NA,NA
255,1980,"HB",0.03,NA,1.3,14.5
268,1980,"HB",0.0275,NA,1.7,12.5
283,1980,"HB",0.029,1.2,1.9,12
298,1980,"HB",0.025,1.06,1.5,7
151,1980,"HB",0.029,0.98,1.5,6
184,1980,"HB",0.036,NA,1.5,14
227,1980,"HB",0.0355,NA,1.4,NA
276,1980,"HB",0.029,0.98,1.5,10.6
134,1980,"HB",0.023,1.18,1.2,14.5
149,1980,"HB",0.03,1.51,0.9,32.4
162,1980,"HB",0.025,1.32,1.1,24.9
174,1980,"HB",0.031,1.07,1,18.5
188,1980,"HB",0.031,1.35,1,30.4
203,1980,"HB",0.036,1.81,0.9,42.6
218,1980,"HB",0.0385,1.46,1,38.6
230,1980,"HB",0.041,1.68,1,39.1
247,1980,"HB",0.033,1.42,0.9,38.5
258,1980,"HB",0.043,1.4,0.9,32.6
272,1980,"HB",0.037,1.46,1,48.5
287,1980,"HB",0.0515,1.54,0.8,43.7
301,1980,"HB",0.041,1.71,1,35.9
134,1980,"HB",0.078,1.71,0.9,45.6
147,1980,"HB",0.0565,1.68,0.9,46.4
161,1981,"HB",0.049,1.02,1.8,13.5
175,1981,"HB",0.214,0.98,1.4,13.8
189,1981,"HB",0.046,0.96,1.5,11
203,1981,"HB",0.03,0.94,2,9
218,1981,"HB",0.034,1.05,5.25,9.5
232,1981,"HB",0.0345,1.28,1.2,15.1
246,1981,"HB",0.0305,0.87,1.6,12.5
259,1981,"HB",0.0315,1.17,1.5,13.7
272,1981,"HB",0.0305,1.02,1.2,16.9
287,1981,"HB",0.0395,NA,1.1,15.2
300,1981,"HB",0.03,1.37,1.2,34.7
125,1981,"HB",0.049,1.64,1.2,41.1
140,1981,"HB",0.047,1.56,1.2,34.7
153,1981,"HB",0.044,1.46,1.1,30.7
166,1981,"HB",0.0415,1.42,1,33.7
181,1981,"HB",0.0505,1.59,1.3,40.9
195,1981,"HB",0.0585,1.21,1.2,23.6
208,1981,"HB",0.055,1.24,1.1,29.5
223,1981,"HB",0.067,1.51,1.1,44.8
237,1981,"HB",0.07,1.59,1,41.7
252,1981,"HB",0.08,2.3,1,30.5
266,1981,"HB",0.079,1.67,1.2,27.8
279,1982,"HB",0.022,NA,2.2,NA
293,1982,"HB",0.0295,0.89,2,8.9
125,1982,"HB",0.022,0.92,2.5,5.7
140,1982,"HB",0.0325,0.95,1.9,7.3
153,1982,"HB",0.0365,1.05,1.8,11.5
166,1982,"HB",0.038,0.98,2,10.1
181,1982,"HB",0.0335,1.1,1.7,10.2
190,1982,"HB",0.0285,1.32,1.8,20.9
195,1982,"HB",0.0385,1.26,1.2,21.1
201,1982,"HB",0.028,1.07,1.4,15.8
208,1982,"HB",0.034,1.64,0.9,44.7
223,1982,"HB",0.1,2.56,0.8,73.3
237,1982,"HB",0.0385,1.54,0.9,34.2
252,1982,"HB",0.038,1.28,1,31.5
266,1982,"HB",0.0445,1.49,1,28.2
279,1982,"HB",0.0565,1.54,1,31.6
293,1982,"HB",0.0505,1.24,1,26.4
126,1982,"HB",0.05,1.32,1.2,21.4
137,1982,"HB",0.047,0.94,1.3,15.3
152,1982,"HB",0.0625,1.24,1.4,21.7
166,1982,"HB",0.049,1.35,1.4,26.5
180,1983,"HB",0.0255,NA,1.8,11.6
195,1983,"HB",0.0255,1.06,1.8,7
208,1983,"HB",0.029,0.89,2,8.4
223,1983,"HB",0.0235,0.82,2.5,5.3
239,1983,"HB",0.0225,0.98,1.9,13.3
250,1983,"HB",0.0375,1.13,1.3,17.5
264,1983,"HB",0.0355,1.49,1.2,32.8
279,1983,"HB",0.0745,1.74,1,34.7
292,1983,"HB",0.0665,1.21,1,29
141,1983,"HB",0.052,1.75,0.9,60.9
148,1983,"HB",0.067,1.67,1.1,33.6
163,1983,"HB",0.083,NA,0.9,NA
168,1984,"HB",0.0445,1.5,1.2,22.7
175,1984,"HB",0.025,0.89,1.9,7.6
189,1984,"HB",0.0285,0.88,1.6,7.2
206,1984,"HB",0.0285,0.98,1.3,18.3
220,1984,"HB",0.032,1.06,1.5,20.5
231,1984,"HB",0.04,1.25,1,52.9
247,1984,"HB",0.045,1.51,1,47.7
261,1984,"HB",0.068,2.06,0.9,65.4
275,1984,"HB",0.049,1.89,0.9,50.8
288,1984,"HB",0.053,2.71,1,50.5
308,1984,"HB",0.0585,1.42,0.8,35.2
143,1985,"HB",0.0265,1.03,1.9,11.2
155,1985,"HB",0.034,0.82,2,14.6
170,1985,"HB",0.0295,0.95,1.8,14.1
183,1985,"HB",0.027,0.82,1.5,15.7
195,1985,"HB",0.028,1.17,1.1,24.4
209,1985,"HB",0.0305,NA,0.9,42.4
223,1985,"HB",0.0415,1.58,0.9,36.8
237,1985,"HB",0.0535,1.83,1,48.2
252,1985,"HB",0.0645,1.57,1.1,42.6
267,1985,"HB",0.052,1.28,1.3,27.3
280,1985,"HB",0.054,1.68,1,34.5
294,1986,"HB",0.0295,NA,2,NA
145,1986,"HB",0.03,0.71,2,NA
162,1986,"HB",0.042,0.78,2,11.2
175,1986,"HB",0.0185,0.79,2,11.7
201,1986,"HB",0.023,0.94,2,19.3
232,1986,"HB",0.032,1.15,1.8,21.5
259,1986,"HB",0.034,1.34,1,43.5
286,1986,"HB",0.0405,1.42,1,36.2
313,1986,"HB",0.039,1.25,1.3,28.1
131,1986,"HB",0.05,1.32,1.6,39.2
173,1986,"HB",NA,1.53,NA,13.8
201,1987,"HB",0.024,NA,1.5,13.4
229,1987,"HB",0.0175,0.86,2,9.6
257,1987,"HB",0.0165,0.7,3,9
286,1987,"HB",0.0195,0.77,2,12.7
163,1987,"HB",0.0235,1.19,1.5,13
226,1987,"HB",0.0175,1.19,1.5,8.5
236,1987,"HB",0.0245,1.52,1,46.4
248,1987,"HB",0.043,1.5,1,45.1
294,1987,"HB",0.0255,NA,1,52.9
107,1987,"HB",0.048,1.2,1.2,33.8
163,1987,"HB",0.0465,1.11,1.5,24.4
236,1987,"HB",0.035,1.29,1.8,30.8
238,1988,"HB",0.023,1.07,1.5,14.21
294,1988,"HB",0.023,0.92,2,10.07
163,1988,"HB",0.027,0.8,2.2,8.42
236,1988,"HB",0.02,0.73,2,11.75
294,1988,"HB",0.025,0.94,2.3,15.21
163,1988,"HB",0.0195,1.48,1.6,7.84
236,1988,"HB",0.0315,0.88,2.25,20.93
294,1988,"HB",0.038,1.42,1,39.29
141,1988,"HB",0.038,1.47,1.25,50.01
148,1988,"HB",0.049,1.57,1,25.2
163,1988,"HB",0.042,1.78,1.25,24.63
175,1988,"HB",0.057,1.4,1.25,34.13
189,1988,"HB",0.058,1.21,1.5,21.02
206,1989,"HB",0.0255,1.103,1.6,17.75
220,1989,"HB",0.032,0.898,1.7,11.26
231,1989,"HB",0.0175,1.046,2,9.86
247,1989,"HB",0.023,0.859,2.25,8.96
248,1989,"HB",0.0255,0.941,2,12.58
261,1989,"HB",0.026,1.243,1.7,17.91
269,1989,"HB",0.041,1.053,1.4,23.67
275,1989,"HB",0.0345,1.604,1,50.02
288,1989,"HB",0.048,1.582,1.1,32.34
308,1989,"HB",0.071,1.594,1.2,71.07
106,1989,"HB",0.06,1.336,1.25,37
239,1989,"HB",0.052,1.635,1,34.58
296,1989,"HB",0.0555,1.875,1,53.03
99,1990,"HB",0.0225,0.976,1.5,13.89
238,1990,"HB",0.0245,1.024,1.6,12.04
99,1990,"HB",0.0175,0.894,2.1,5.83
241,1990,"HB",0.02,1.024,2.25,6.58
296,1990,"HB",0.024,0.808,2.5,11.56
303,1990,"HB",0.0225,0.754,1.5,12.09
134,1990,"HB",0.0255,1.076,1.5,21.09
184,1990,"HB",NA,0.897,2,13.17
242,1990,"HB",0.023,1.055,1.5,18.55
302,1990,"HB",0.0365,1.481,1.25,41.38
101,1990,"HB",0.039,1.299,1.25,38.14
134,1990,"HB",0.042,0.984,1,42.32
184,1990,"HB",0.0445,1.127,1.1,37.3
302,1990,"HB",0.0455,1.34,1.25,23.51
100,1991,"HB",0.0275,1.392,1.6,18.29
240,1991,"HB",0.0185,0.897,1.75,4.35
101,1991,"HB",0.0135,0.775,1.25,6.88
241,1991,"HB",0.012,0.637,2.25,6.07
100,1991,"HB",0.0215,0.765,2.4,15.07
240,1991,"HB",0.032,0.723,1.75,14.41
102,1991,"HB",0.0255,1.073,1.25,19.97
100,1991,"HB",0.0405,1.447,1.4,39.34
240,1991,"HB",0.0525,1.327,1.25,44.15
105,1991,"HB",0.035,1.154,1.25,22.35
163,1991,"HB",0.0365,1.248,1.5,15.22
227,1991,"HB",0.04,1.341,1.7,24.26
236,1991,"HB",0.035,1.153,1.7,13.96
252,1992,"HB",0.021,0.96,1.75,11.82
294,1992,"HB",0.0165,0.83,1.8,5.08
75,1992,"HB",0.024,0.81,1.75,6.52
83,1992,"HB",0.018,0.72,2.25,8.53
90,1992,"HB",0.0185,0.78,2.3,9.08
98,1992,"HB",0.0245,0.51,2,16.44
107,1992,"HB",0.0285,1.95,1,31.65
112,1992,"HB",0.023,1.25,1.25,23.75
118,1992,"HB",0.05,1.29,1.25,24
125,1992,"HB",0.042,1.59,1,46.03
132,1992,"HB",0.0515,1.56,0.9,32.95
142,1992,"HB",NA,1.68,1,32.29
148,1992,"HB",0.042,1.43,1,35.81
155,1992,"HB",0.03,1.1,1.25,21.07
161,1993,"HB",0.026,1.536,1.6,8.16
167,1993,"HB",0.015,0.713,2.5,6.53
174,1993,"HB",0.02,0.714,2.25,7.98
181,1993,"HB",0.019,NA,1.75,8.52
188,1993,"HB",0.028,0.809,2,11.15
195,1993,"HB",0.03,0.776,2.25,11.04
204,1993,"HB",0.021,0.619,2.25,10.26
211,1993,"HB",0.04,1.065,1.75,23.45
217,1993,"HB",0.045,1.386,1,30.58
223,1993,"HB",0.045,1.256,1.25,41.16
230,1993,"HB",0.055,1.341,1,39.99
237,1993,"HB",0.054,1.351,1,33.6
244,1993,"HB",0.042,1.27,1.5,31.93
252,1994,"HB",0.025,0.979,1.5,15.93
258,1994,"HB",0.02,0.968,1.5,12.85
267,1994,"HB",0.024,0.96,2,10.31
273,1994,"HB",0.017,0.734,2,7.05
278,1994,"HB",0.025,0.697,2,12.27
287,1994,"HB",0.017,0.59,2.5,7.61
293,1994,"HB",0.021,0.791,2.5,12.61
300,1994,"HB",0.03,1.647,0.75,48.32
307,1994,"HB",0.024,1.686,1,35.61
315,1994,"HB",0.034,1.299,1,37.67
322,1994,"HB",0.029,1.259,1,26.99
328,1994,"HB",0.042,1.046,1.5,15.57
335,1994,"HB",0.036,1.744,1,45.39
342,1995,"HB",0.014,0.683,2,4.62
90,1995,"HB",0.008,0.701,2.25,4.63
118,1995,"HB",0.015,0.672,2,5.64
125,1995,"HB",0.017,0.685,1.5,3.93
131,1995,"HB",0.02,0.413,3.25,4.56
140,1995,"HB",0.019,0.492,2.25,7.12
147,1995,"HB",0.017,0.79,2,13.47
152,1995,"HB",0.031,1.022,1.75,18.53
159,1995,"HB",0.034,1.198,1.5,19.39
167,1995,"HB",0.025,1.036,1.25,20.25
173,1995,"HB",0.028,1.027,1.25,18.05
180,1995,"HB",0.031,0.886,1.5,10.76
187,1995,"HB",0.029,0.886,2,5.89
196,1996,"HB",0.019,0.822,2.75,2.66
202,1996,"HB",0.009,0.716,2.75,3.65
208,1996,"HB",0.009,0.82,2.5,2.73
216,1996,"HB",0.016,0.646,3.5,5.83
222,1996,"HB",0.011,0.524,3,6.46
230,1996,"HB",0.015,0.486,3,3.47
236,1996,"HB",0.028,0.48,3,6.29
243,1996,"HB",0.03,1.166,1.75,22.46
251,1996,"HB",0.029,1.265,1.4,24.23
259,1996,"HB",0.055,0.999,1.75,17.32
266,1996,"HB",0.043,1.113,2,5.47
272,1996,"HB",0.023,0.985,2,7.64
278,1996,"HB",0.025,0.759,2.5,2.77
287,1997,"HB",0.012,0.699,3,2.24
292,1997,"HB",0.012,0.606,4.25,2.94
299,1997,"HB",0.004,0.53,4.25,2.38
306,1997,"HB",0.011,0.599,3.8,4.18
313,1997,"HB",0.016,0.638,3.75,9.24
321,1997,"HB",0.018,0.541,4,8.65
327,1997,"HB",0.019,0.649,2.75,11.42
76,1997,"HB",0.022,0.754,2.25,13.6
96,1997,"HB",0.034,0.694,2.5,3.93
102,1997,"HB",0.036,0.78,2.5,6.22
111,1997,"HB",0.047,0.789,1.75,12.53
116,1997,"HB",0.038,1.17,1.8,18.54
124,1997,"HB",0.028,0.804,2,5.69
130,1998,"HB",0.008,0.591,3,4.06
137,1998,"HB",0.016,0.461,4.25,2.17
145,1998,"HB",0.014,0.548,3.5,3.94
152,1998,"HB",0.02,0.454,3.75,3.92
158,1998,"HB",0.022,0.669,3,12.27
165,1998,"HB",0.022,0.484,2.5,8.53
173,1998,"HB",0.032,0.845,1.5,19.55
179,1998,"HB",0.032,1.29,1.5,22.41
186,1998,"HB",0.034,1.104,1.5,16.21
193,1998,"HB",0.05,1.053,1.75,15.62
200,1998,"HB",0.062,1.474,1,24.33
207,1998,"HB",0.044,0.959,1.5,15.01
216,1998,"HB",0.05,0.761,2.75,8.53
221,1999,"HB",0.012,0.685,2.5,3.39
229,1999,"HB",0.008,1.011,2.5,1.73
235,1999,"HB",0.02,0.613,2.25,3.87
242,1999,"HB",0.02,0.606,2.25,7.82
250,1999,"HB",0.018,0.469,2.5,5.18
256,1999,"HB",0.03,0.846,2,11.19
263,1999,"HB",0.028,0.851,2,11.83
270,1999,"HB",0.026,0.815,1.75,8.33
279,1999,"HB",0.044,0.718,2.75,5.17
285,1999,"HB",0.06,0.834,1.75,9.01
292,1999,"HB",0.072,0.796,1.5,7.62
300,1999,"HB",0.052,1.456,1,16.66
306,1999,"HB",0.044,1.182,2,9.14
312,2000,"HB",0.012,0.628,3,2.42
319,2000,"HB",0.016,0.678,3.75,3.45
326,2000,"HB",NA,0.654,2.25,4.73
81,2000,"HB",0.022,0.719,2.75,7.04
96,2000,"HB",0.032,0.781,2.25,9.37
108,2000,"HB",0.024,0.367,2,4.72
116,2000,"HB",0.036,0.663,3,6.73
124,2000,"HB",0.058,0.949,1.75,18.76
129,2000,"HB",0.04,0.993,1.5,14.33
136,2000,"HB",0.05,1.036,1.75,13.93
144,2000,"HB",0.044,0.81,2.25,13.27
150,2000,"HB",0.03,0.902,2,12.18
157,2000,"HB",0.026,0.643,2.75,10.5
165,2001,"HB",0.016,0.55,3.75,3.87
171,2001,"HB",0.014,0.508,3.5,2.26
178,2001,"HB",0.014,0.521,3,3.84
186,2001,"HB",0.014,0.402,3.5,2.78
192,2001,"HB",0.028,0.436,2.75,7.56
199,2001,"HB",0.02,0.603,3,5.4
206,2001,"HB",0.016,0.568,3,8.83
213,2001,"HB",0.02,0.627,2.25,13.32
221,2001,"HB",0.028,0.687,2.5,15.2
227,2001,"HB",0.042,0.775,1.5,12.12
234,2001,"HB",0.054,1.301,1.1,19.58
241,2001,"HB",0.04,0.846,1.75,15.77
255,2001,"HB",0.036,0.756,2.25,16.31
269,2002,"HB",0.016,0.704847,3,2.505025
284,2002,"HB",0.016,0.594392,2.5,6.3976875
298,2002,"HB",0.016,0.661052,3.25,5.205234375
311,2002,"HB",0.028,0.63475,3.25,1.8404625
87,2002,"HB",0.025,0.861387,2.75,11.58585938
93,2002,"HB",0.048,0.677581,1.75,11.44376786
100,2002,"HB",0.032,0.807585,2.25,11.25378542
106,2002,"HB",0.023,0.705707,1.5,9.119858333
113,2002,"HB",0.025,0.937538,2,18.503325
120,2002,"HB",0.028,0.70917,2,7.04013
127,2002,"HB",0.036,0.803122,1.75,15.538695
134,2002,"HB",0.041,0.904611,1.75,17.6146875
142,2002,"HB",0.028,0.42181,2.75,12.61296846
149,2003,"HB",0.016,0.673318,2.25,5.3380865
158,2003,"HB",0.016,0.571446,2.5,7.3617175
162,2003,"HB",0.031,0.64375,2.25,6.356925
169,2003,"HB",0.022,0.645684,2.25,9.214928571
177,2003,"HB",0.023,0.354037,3.75,3.54
184,2003,"HB",0.026,0.418688,2.25,12.615
192,2003,"HB",0.032,0.905873,1.75,16.805
197,2003,"HB",NA,0.658696,1.75,23.815
204,2003,"HB",0.036,1.407818,1,44.51
211,2003,"HB",0.035,1.015341,1.5,32.175
221,2003,"HB",0.051,0.839767,1.25,22.885
225,2003,"HB",0.046,0.953602,1.5,18.305
232,2003,"HB",0.036,0.865651,2,12.665
240,2004,"HB",0.012,0.576296,4,2.615
249,2004,"HB",0.017,0.543252,2.75,5.115
253,2004,"HB",0.027,0.512489,2.25,5.175
260,2004,"HB",0.023,0.635148,3,4.625
268,2004,"HB",NA,0.393944,3.25,3.9282455
274,2004,"HB",0.024,0.644541,1.75,13.505
281,2004,"HB",0.032,0.852919,2,11.975
289,2004,"HB",0.043,0.922428,1.75,13.79890438
296,2004,"HB",0.041,0.91701,1.5,18.41
302,2004,"HB",0.044,0.946824,1.5,6.8278375
99,2004,"HB",0.042,1.091966,1.5,15.37074792
107,2004,"HB",0.036,0.945003,2,10.5353625
112,2004,"HB",0.033,0.857506,1.5,7.9566375
120,2005,"HB",0.017,0.552504,2.75,2.695
126,2005,"HB",0.017,0.617995,2.5,5.62
133,2005,"HB",0.016,0.271253,3.25,5.515
141,2005,"HB",0.018,0.527385,3,5.78
147,2005,"HB",0.022,0.561117,3.75,6.11
154,2005,"HB",0.014,0.561002,3,5.565
161,2005,"HB",0.022,0.615732,2,14.7925
169,2005,"HB",0.026,1.1821,1,25.8775
175,2005,"HB",0.059,1.702802,1.25,36.605
184,2005,"HB",0.065,1.3093,1.25,25.285
189,2005,"HB",0.059,1.435912,1.25,22.37
198,2005,"HB",0.041,1.488555,1.25,23.83
204,2005,"HB",0.055,1.576072,1.25,16.7075
211,2006,"HB",0.009,0.654,2.25,4.38
218,2006,"HB",0.013,0.554,2.25,5.65
226,2006,"HB",0.016,0.671,3,3.21
232,2006,"HB",0.021,0.672,2.5,5.37
238,2006,"HB",0.023,0.413,4,5.22
246,2006,"HB",0.021,1.488,1.75,12.27
254,2006,"HB",0.033,0.812,2,12.54
260,2006,"HB",0.046,1.031,1,26.86
266,2006,"HB",0.035,1.508,1,21.2
273,2006,"HB",0.052,1.348,1,23.93
280,2006,"HB",0.046,1.173,1.25,19.2
289,2006,"HB",0.038,1.116,1,21.47
294,2006,"HB",0.038,1.609,1.25,15.68
91,2007,"HB",0.011,0.626,3.25,2.81
106,2007,"HB",0.016,0.478,3,2.75
112,2007,"HB",0.029,0.52,4.25,2.34
119,2007,"HB",0.021,0.489,2.75,3.82
125,2007,"HB",0.017,0.52,2.65,4.16
132,2007,"HB",0.016,0.591,2.25,5.19
141,2007,"HB",0.02,0.693,2.25,10.21
146,2007,"HB",0.051,0.736,1.75,12.6
153,2007,"HB",0.026,1.303,1,26.05
160,2007,"HB",0.046,1.212,1.25,20.73
167,2007,"HB",0.039,1.298,1.5,19.53
174,2007,"HB",0.037,1.053,1.25,13.98
181,2007,"HB",0.039,1.29,1.25,15.49
188,2008,"HB",0.012,0.743,2.25,3.54
197,2008,"HB",0.017,0.704,2.25,5.75
202,2008,"HB",0.025,0.672,2.5,4.87
209,2008,"HB",0.019,0.53,2.25,6.49
217,2008,"HB",0.036,0.702,1.75,6.39
223,2008,"HB",0.023,0.618,2.5,8.64
230,2008,"HB",0.033,0.739,2.25,10.9
237,2008,"HB",0.028,0.89,1.5,5.78
244,2008,"HB",0.03,0.868,1.75,6.04
251,2008,"HB",NA,NA,NA,NA
258,2008,"HB",0.034,0.909,2,14.88
266,2008,"HB",0.03,0.909,1.5,6.71
272,2008,"HB",0.034,0.979,1.75,8.18
280,2008,"HB",0.033,0.771,1.5,12.75
287,2009,"HB",0.013,0.764144915,3,3.66
293,2009,"HB",0.015,0.624233795,2.75,3.37
99,2009,"HB",0.016,0.659548029,2.5,6.07
110,2009,"HB",0.018,0.626831825,2,6.97
117,2009,"HB",0.024,0.549946828,2.5,7.33
126,2009,"HB",0.023,0.601984166,2.5,7.95
131,2009,"HB",0.024,0.914241828,1.75,15.5
139,2009,"HB",0.03,0.975749275,1.25,15.77
146,2009,"HB",0.036,1.283111111,1.5,23.74
153,2009,"HB",0.044,1.139774099,1.5,16.48
159,2009,"HB",0.047,1.149338849,1.5,22.68
167,2009,"HB",0.02,0.747874898,2.25,7.56
173,2009,"HB",0.015,0.577413544,3,4.41
181,2010,"HB",0.01,0.538053425,3,3.1
187,2010,"HB",0.013,0.457112504,4,1.86
194,2010,"HB",0.023,0.56527422,3.25,5.56
201,2010,"HB",0.017,0.555711446,3,5.68
209,2010,"HB",0.025,0.733956112,2.25,4.7
216,2010,"HB",0.028,0.836774592,2,16.39
223,2010,"HB",0.031,0.841299956,2,17.66
230,2010,"HB",0.04,1.261614514,1.25,25.11
237,2010,"HB",0.032,1.037650414,1.5,14.29
243,2010,"HB",0.035,0.874153339,1.5,22.58
252,2010,"HB",0.036,1.092032225,1.5,16.62
257,2010,"HB",0.034,0.953350046,1.75,12.86
265,2010,"HB",NA,0.915056089,2,7.92
271,2011,"HB",0.008,0.747599129,4,6.22
279,2011,"HB",0.013,0.660965987,3.5,4.46
286,2011,"HB",0.034,0.664571345,2.5,6.27
294,2011,"HB",0.022,0.531449961,3.5,4.26
95,2011,"HB",0.027,0.567412315,2.75,4.98
109,2011,"HB",0.028,0.741871685,2,18.57
115,2011,"HB",0.028,0.812583233,1.5,28.57
123,2011,"HB",0.046,0.942938794,1.75,30.75
129,2011,"HB",0.048,1.040716302,1.5,21.13
137,2011,"HB",0.054,1.102509242,1.25,26.04
144,2011,"HB",0.027,0.710570209,1.75,10.74
151,2011,"HB",0.028,0.7400983,2,9.2
157,2011,"HB",0.033,0.753590558,2,9.75
165,2012,"HB",0.015,0.623739323,3.5,2.11
171,2012,"HB",0.017,0.557057959,3.25,3.6
179,2012,"HB",0.01,0.649316857,3.25,1.86
186,2012,"HB",0.02,0.530966732,3,5.6
193,2012,"HB",0.021,0.551461541,2.75,7.51
199,2012,"HB",0.023,0.653855963,2,11.57
207,2012,"HB",0.043,1.013161083,1,26.07
213,2012,"HB",0.013,1.245620176,1,25.65
222,2012,"HB",0.058,1.509569674,1,40
228,2012,"HB",0.042,1.433941543,0.75,20.42
235,2012,"HB",0.043,1.408327285,1,25.63
241,2012,"HB",0.054,1.750017048,1,30.56
250,2012,"HB",0.03,1.157545072,1.25,17.24
256,2012,"HB",NA,0.89023244,1.5,12.96
263,2013,"HB",0.008,0.66448084,2.25,5.47
269,2013,"HB",0.016,0.683432837,2.5,4.9
278,2013,"HB",0.049,0.658905394,2,4.93
284,2013,"HB",0.007,0.64957528,2.5,6.3
291,2013,"HB",0.024,0.817675628,2,12.2
94,2013,"HB",0.0354,0.904404013,1.75,11.72
108,2013,"HB",0.0546,1.065181724,1,24.48
114,2013,"HB",0.053,1.44780383,1.25,24.83
122,2013,"HB",0.028,1.147138594,1.5,17.04
128,2013,"HB",0.021,1.234885676,1.25,20.31
135,2013,"HB",0.023,1.170157815,1.75,17.84
143,2013,"HB",0.03,1.053527107,1.75,15.11
149,2013,"HB",0.012,0.639049763,3,5.68
156,2014,"HB",0.005,0.662400007247925,3.25,3.36984348297119
163,2014,"HB",0.01,0.763400018215179,3.25,2.63404178619385
170,2014,"HB",0.016,0.620899975299835,2.75,4.54758930206299
177,2014,"HB",0.011,0.73309999704361,2.5,10.3144998550415
185,2014,"HB",0.023,0.753600001335144,2.25,9.25116634368896
192,2014,"HB",0.019,0.902599990367889,1.75,13.4794998168945
198,2014,"HB",0.013,0.751800000667572,2,7.78770303726196
205,2014,"HB",0.014,0.884299993515015,1.75,8.53312492370605
212,2014,"HB",NA,1.02830004692078,1.5,NA
220,2014,"HB",0.034,NA,1.5,23.3935813903809
226,2014,"HB",0.016,1.11280000209808,1.5,14.2662906646729
234,2014,"HB",0.015,1.11749994754791,1.75,10.8638563156128
240,2014,"HB",0.017,1.00189995765686,1.25,11.6656799316406
249,2014,"HB",0.0291,0.766499996185303,2.5,5.72809219360352
254,1972,"N",0.049,1.44,1.4,NA
261,1972,"N",0.03,0.9,2.1,NA
269,1972,"N",0.0355,0.92,2.3,NA
275,1972,"N",NA,NA,1.5,NA
284,1972,"N",0.0615,1.65,1.5,NA
289,1972,"N",0.0475,1.25,1.7,NA
297,1972,"N",0.047,1.59,1.6,NA
95,1972,"N",0.062,1.49,1.6,NA
107,1972,"N",0.081,2.19,1,NA
113,1972,"N",0.086,1.88,0.7,NA
120,1972,"N",0.0955,2.09,0.7,NA
127,1972,"N",0.0855,1.71,1,NA
134,1972,"N",0.095,1.77,1.1,NA
142,1972,"N",0.099,2.42,0.9,NA
148,1972,"N",0.084,1.69,1,NA
155,1972,"N",0.083,1.79,1.8,NA
163,1972,"N",0.0955,1.96,0.9,NA
169,1972,"N",0.1005,1.96,0.9,NA
176,1972,"N",0.0925,2.19,0.9,NA
184,1972,"N",0.0845,1.59,1,NA
190,1972,"N",0.082,1.54,1,NA
197,1973,"N",0.0385,1.4,1.9,NA
204,1973,"N",0.0345,1,2,NA
212,1973,"N",0.044,1.01,2,NA
220,1973,"N",0.032,0.94,2,NA
225,1973,"N",0.0405,1.12,1.7,NA
232,1973,"N",0.034,0.8,2,NA
240,1973,"N",0.0435,1.11,1.7,NA
248,1973,"N",0.038,1.23,1.8,NA
254,1973,"N",0.0535,1.71,1,NA
260,1973,"N",0.09,2.09,1,NA
274,1973,"N",0.0845,2.71,0.7,NA
283,1973,"N",0.0605,2.3,0.8,NA
289,1973,"N",0.0635,1.77,1,NA
296,1973,"N",0.11,1.92,0.8,NA
302,1973,"N",0.086,2.42,0.9,NA
92,1973,"N",0.13,2.42,0.9,NA
98,1973,"N",0.0645,1.84,1,NA
105,1973,"N",0.062,1.71,1.1,NA
120,1973,"N",0.0795,1.77,1,NA
126,1973,"N",0.0975,2.19,1,NA
133,1973,"N",0.1,2.3,0.8,NA
141,1973,"N",0.125,2.56,0.8,NA
149,1973,"N",0.104,2.09,1,NA
154,1973,"N",0.0745,2.09,0.8,NA
161,1974,"N",0.0635,1.49,0.8,NA
168,1974,"N",0.036,1.4,1.4,NA
176,1974,"N",0.0315,1.3,2,NA
182,1974,"N",0.0375,1.24,1.8,NA
190,1974,"N",0.035,1.1,1.6,NA
196,1974,"N",0.032,1.28,1.5,NA
203,1974,"N",0.061,1.4,1.2,NA
210,1974,"N",0.0445,1.3,1.5,NA
224,1974,"N",0.0835,1.71,1,NA
231,1974,"N",0.058,1.24,1.4,NA
238,1974,"N",0.0495,1.51,1.2,NA
245,1974,"N",0.0605,1.35,1.3,NA
254,1974,"N",0.043,1.33,1.4,NA
259,1974,"N",0.053,1.51,0.9,NA
274,1974,"N",0.055,1.71,1.2,NA
281,1974,"N",0.079,1.88,0.9,NA
288,1974,"N",0.068,2.14,0.9,NA
294,1974,"N",0.085,2.88,0.8,NA
91,1974,"N",0.0935,2.3,0.9,NA
97,1974,"N",0.105,2.79,0.8,NA
105,1974,"N",0.12,2.71,0.8,NA
110,1974,"N",0.13,2.19,0.8,NA
117,1974,"N",0.0965,2.14,1,NA
124,1975,"N",NA,NA,NA,NA
131,1975,"N",NA,NA,NA,NA
138,1975,"N",0.095,1.45,1.5,NA
146,1975,"N",0.0285,0.9,1.9,NA
152,1975,"N",0.0375,1.35,1.5,NA
159,1975,"N",0.0575,2,1.2,NA
166,1975,"N",0.0475,1.71,1.1,NA
173,1975,"N",0.057,1.71,0.9,NA
180,1975,"N",0.0595,1.49,1,NA
187,1975,"N",0.0465,2.63,1.2,NA
194,1975,"N",0.066,1.64,0.8,NA
201,1975,"N",0.0775,2.97,0.7,NA
208,1975,"N",0.102,2.14,0.6,NA
216,1975,"N",0.11,2.71,0.6,NA
222,1975,"N",0.065,2.36,0.8,NA
229,1975,"N",0.09,1.81,0.6,NA
236,1975,"N",0.094,3.18,0.7,NA
243,1975,"N",0.097,2.49,0.7,NA
251,1975,"N",0.105,2.56,0.7,NA
257,1975,"N",0.125,2.3,0.7,NA
265,1975,"N",0.093,2,0.8,NA
271,1975,"N",0.081,1.54,0.9,NA
279,1975,"N",0.083,2.42,0.9,NA
286,1975,"N",0.09,2,0.6,NA
293,1976,"N",0.053,NA,0.8,NA
299,1976,"N",0.04,NA,1.3,NA
103,1976,"N",0.036,1.71,1.1,NA
109,1976,"N",0.0335,1.19,1.6,NA
130,1976,"N",0.032,1.4,1.3,NA
138,1976,"N",0.02,1.28,1.6,NA
145,1976,"N",0.0305,0.92,1.8,NA
151,1976,"N",0.044,1.36,1.5,NA
158,1976,"N",0.057,2,1,NA
165,1976,"N",0.051,2.09,1.1,NA
179,1976,"N",0.0815,2.19,1,NA
193,1976,"N",0.0675,1.77,1.3,NA
207,1976,"N",0.0775,3.07,0.7,NA
221,1976,"N",0.079,2.56,0.8,NA
229,1976,"N",0.06,1.84,1,NA
235,1976,"N",0.0565,1.71,1.2,NA
242,1976,"N",0.068,2,0.9,NA
250,1976,"N",0.083,2.19,0.9,NA
256,1976,"N",0.06,2.09,0.8,NA
264,1976,"N",0.077,2.42,0.8,NA
270,1976,"N",0.093,2.71,0.8,NA
278,1976,"N",0.053,2.56,0.8,NA
285,1976,"N",0.072,2.71,0.8,NA
292,1976,"N",0.0765,2.09,0.9,NA
96,1976,"N",0.057,2.3,0.9,NA
101,1976,"N",0.068,2.56,1,NA
110,1977,"N",0.0375,1.5,1.5,NA
115,1977,"N",0.0525,1.59,1,6
123,1977,"N",0.0445,1.11,1.8,7.3
130,1977,"N",0.0465,0.83,2.5,4
137,1977,"N",0.0385,1.11,1.9,9.6
145,1977,"N",0.045,1.4,1.3,19.2
152,1977,"N",0.0285,0.98,2.1,14.3
157,1977,"N",0.0575,1.34,1.6,13.6
166,1977,"N",0.032,1.17,1.6,10.2
171,1977,"N",0.0685,1.56,1,31.2
179,1977,"N",0.0515,1.56,1.3,23.8
195,1977,"N",0.079,2.09,0.9,60.4
208,1977,"N",0.087,2.46,0.8,52.2
214,1977,"N",0.0835,2.56,0.8,86.8
222,1977,"N",0.139,3.12,0.6,118.1
227,1977,"N",0.097,2.71,0.9,69.5
235,1977,"N",0.1285,2.97,0.7,71
241,1977,"N",0.078,2.09,1,39.4
250,1977,"N",0.069,2.27,0.9,62.8
255,1977,"N",0.086,3.76,0.9,63.6
263,1977,"N",0.0845,2.05,0.8,40.5
270,1977,"N",0.0865,2.88,1,54.1
277,1977,"N",0.081,1.92,1.4,53.8
284,1977,"N",0.065,1.56,1.1,36.7
293,1977,"N",0.048,NA,2.2,NA
127,1978,"N",0.0205,1.15,2,5.4
142,1978,"N",0.025,1.32,1.8,9.6
155,1978,"N",0.0285,1.35,1.2,18.8
169,1978,"N",0.0205,1.07,1.5,10
184,1978,"N",0.0265,0.73,2.3,6.4
197,1978,"N",0.0245,0.94,1.7,8.5
211,1978,"N",0.031,1.18,1.4,10.8
225,1978,"N",0.035,1.28,1.1,19.4
239,1978,"N",0.0305,1.21,1.4,15.9
260,1978,"N",0.047,0.98,1.3,12.9
267,1978,"N",0.046,1.35,1.1,19.1
283,1978,"N",0.0465,1.28,1.1,21.9
297,1978,"N",0.063,2.49,0.8,38.5
121,1978,"N",0.0595,1.84,0.9,39.8
133,1978,"N",0.0465,1.59,0.9,41.7
147,1978,"N",0.0475,1.77,0.9,53.3
161,1978,"N",0.0555,2.19,0.9,71.1
176,1978,"N",0.066,2,0.9,47.3
190,1978,"N",0.052,2.09,0.7,58.5
203,1978,"N",0.064,2.05,0.8,41.1
219,1978,"N",0.06,2.14,0.8,45.9
248,1978,"N",0.052,1.54,1,23.6
281,1978,"N",0.045,1.32,1.3,22.5
319,1979,"N",0.019,NA,2,9.3
125,1979,"N",0.02,1.33,2,8.9
140,1979,"N",0.02,1.13,2.2,6.9
152,1979,"N",0.026,1,2,3.8
168,1979,"N",0.029,1.02,1.5,12.1
180,1979,"N",0.028,0.81,2,8.6
194,1979,"N",0.029,1.49,1.2,19.8
209,1979,"N",0.028,1.01,1.8,15.1
223,1979,"N",0.033,1.32,1.6,19
236,1979,"N",0.038,1.59,1.1,27.7
251,1979,"N",0.037,1.01,1.5,13.9
264,1979,"N",0.036,1.4,1.2,27.7
282,1979,"N",0.052,1.84,0.8,53.4
292,1979,"N",0.042,2.56,0.6,42.7
125,1979,"N",0.088,2.79,0.8,72.9
138,1979,"N",0.06,2.42,0.8,67.1
151,1979,"N",0.037,2.09,0.6,69.4
169,1979,"N",0.065,2.25,0.7,75.3
186,1979,"N",0.066,2.3,0.7,65.1
193,1979,"N",0.075,2.56,0.7,56.7
208,1979,"N",0.08,1.26,0.8,57.9
223,1979,"N",0.063,2.14,0.9,42.6
242,1980,"N",0.029,NA,1.2,NA
263,1980,"N",0.024,NA,1.7,11.6
277,1980,"N",0.038,1.02,1.8,9.4
291,1980,"N",0.029,1.21,1.5,8.7
123,1980,"N",0.027,1.02,1,4.3
140,1980,"N",0.042,NA,1.7,NA
150,1980,"N",0.048,1.44,1.5,20
166,1980,"N",0.034,1.08,1.2,14.5
178,1980,"N",0.038,1.64,1,32.4
192,1980,"N",NA,1.42,1,24.3
208,1980,"N",0.043,2,0.9,21.8
221,1980,"N",0.037,1.64,1,30.2
241,1980,"N",0.039,1.92,0.9,37.2
269,1980,"N",0.038,1.59,0.9,36.4
305,1980,"N",0.08,1.65,0.9,42.6
123,1980,"N",0.036,1.59,1,37.4
135,1980,"N",0.036,1.65,0.8,39.5
149,1980,"N",0.031,1.54,0.8,32
163,1980,"N",0.048,2.3,0.8,38.4
180,1980,"N",0.053,1.92,0.8,46.5
191,1980,"N",0.058,2.19,0.8,50.5
205,1980,"N",0.092,2.14,0.8,50.9
221,1980,"N",0.05,1.84,0.9,41.4
234,1981,"N",0.03,0.73,1.9,6.5
249,1981,"N",0.048,1.12,1.9,13.1
262,1981,"N",0.04,0.99,1.5,6.9
276,1981,"N",0.036,1.02,1.5,6.5
298,1981,"N",0.05,1.03,1.5,9.7
101,1981,"N",0.06,1.32,1.6,15.6
119,1981,"N",0.042,NA,1.6,14.4
141,1981,"N",0.044,1.32,1,19.1
161,1981,"N",0.043,1.05,1.1,23.4
175,1981,"N",0.051,1.4,1.2,24.2
189,1981,"N",0.053,NA,1.1,39.3
203,1981,"N",0.058,NA,0.8,69.2
218,1981,"N",0.052,1.71,1,41.3
233,1981,"N",0.05,1.67,1,35.4
266,1981,"N",0.05,1.56,1,35.9
273,1981,"N",0.065,1.67,1,37.2
288,1981,"N",0.06,2,0.9,28.8
302,1981,"N",0.068,2.34,1,40.9
132,1981,"N",0.063,1.84,1,42.3
146,1981,"N",0.072,1.84,0.9,39
160,1981,"N",0.088,1.84,1,25.2
174,1981,"N",0.078,1.64,1.1,28.2
202,1982,"N",0.04,NA,2,NA
217,1982,"N",0.038,NA,1.8,NA
230,1982,"N",0.028,NA,1.9,7.6
245,1982,"N",0.024,0.82,2,7.6
258,1982,"N",0.04,1.02,1.9,9.3
260,1982,"N",NA,1.03,1.9,9.6
272,1982,"N",0.052,1.1,1.8,13.1
288,1982,"N",0.039,1.15,1.4,NA
300,1982,"N",0.041,1.33,1.2,16.6
163,1982,"N",0.05,1.25,1.2,24.9
227,1982,"N",NA,1.37,1.2,17.7
236,1982,"N",NA,2.19,0.9,41.4
252,1982,"N",0.1,3.29,0.7,104.6
294,1982,"N",0.028,2.05,0.9,42.9
131,1982,"N",0.059,2.25,0.9,45.3
160,1982,"N",0.063,1.24,0.9,32
187,1982,"N",0.11,2.09,0.9,38.1
216,1982,"N",NA,1.96,1,37.9
243,1982,"N",0.065,1.88,1,26.7
245,1982,"N",0.052,1.67,1.1,22.5
274,1982,"N",0.039,1.14,1.3,11.2
308,1982,"N",0.062,1.88,1,27.1
111,1982,"N",0.044,1.54,1.2,23.6
159,1989,"N",NA,NA,1.5,20.62
166,1989,"N",NA,NA,NA,8.94
187,1989,"N",NA,NA,1.75,9.8
215,1989,"N",NA,NA,2,9.32
243,1989,"N",NA,NA,1.5,23.56
271,1989,"N",NA,NA,1,42.91
306,1989,"N",NA,NA,1.2,69.48
180,1989,"N",NA,2.335,0.8,48.13
200,1989,"N",NA,1.752,1,50.73
227,1989,"N",NA,1.534,1.2,33.77
254,1989,"N",NA,1.884,1.1,24.36
283,1989,"N",NA,1.837,1,34.39
166,1990,"N",0.015,0.968,1.6,13.08
192,1990,"N",0.029,1.145,1.5,14.21
221,1990,"N",0.022,1.257,1.6,7.6
249,1990,"N",0.025,1.125,1.75,7.66
276,1990,"N",0.029,1.034,1.75,17.51
166,1990,"N",0.037,1.342,1.25,11.94
192,1990,"N",0.029,1.194,1.2,17.39
221,1990,"N",NA,1.181,1.3,14.83
249,1990,"N",0.034,1.768,1,36.47
276,1990,"N",0.035,1.954,0.75,50.48
101,1990,"N",0.055,1.972,0.75,45.97
109,1990,"N",0.057,1.86,0.75,49.43
116,1990,"N",0.046,2.004,0.8,35.15
124,1990,"N",0.036,1.722,1,27.85
131,1991,"N",0.02,1.276,1.2,20.11
138,1991,"N",0.017,0.78,2.25,4.27
144,1991,"N",0.013,0.816,2,5.81
153,1991,"N",0.017,0.775,2.5,7.35
158,1991,"N",0.023,0.982,1.75,15.97
167,1991,"N",0.036,1.589,0.75,31.57
172,1991,"N",0.046,1.852,1,42.87
180,1991,"N",0.035,1.569,0.9,35.54
191,1991,"N",0.052,2.077,1,44.1
205,1991,"N",0.055,2.017,0.75,43.88
213,1991,"N",0.047,1.812,0.9,34.76
223,1991,"N",0.032,1.974,1.2,24.41
228,1991,"N",0.038,1.176,1.4,14.26
242,1992,"N",0.025,1.28,1.5,12.72
257,1992,"N",0.016,0.82,2,7.19
264,1992,"N",0.033,0.88,1.75,8.63
269,1992,"N",0.019,0.72,2,10.17
277,1992,"N",0.028,0.97,1.5,14.03
283,1992,"N",0.029,1.08,1.25,27.9
296,1992,"N",0.046,2.39,1,45.6
113,1992,"N",0.046,1.77,0.75,46.97
143,1992,"N",0.05,2.32,0.5,69.11
155,1992,"N",0.045,1.99,0.75,45.82
170,1992,"N",0.046,0.58,1,32.89
183,1992,"N",NA,2.09,0.75,33.33
195,1992,"N",0.029,1.23,1.25,24.4
209,1992,"N",0.026,2.57,1,18.26
223,1993,"N",0.026,0.808,1.5,9.27
237,1993,"N",0.016,0.712,1.75,7.86
252,1993,"N",0.022,1.09,1.25,11.3
267,1993,"N",0.02,NA,1.75,8.21
280,1993,"N",0.024,0.809,2,10.17
294,1993,"N",0.022,0.863,1.5,12.72
193,1993,"N",0.038,1.031,1.5,14.24
252,1993,"N",0.032,1.383,1,30.73
167,1993,"N",0.046,1.247,1,28.88
193,1993,"N",0.06,1.935,1,50.3
222,1993,"N",0.006,1.615,1,31.73
250,1993,"N",0.066,2.015,0.75,43.31
277,1993,"N",0.048,1.789,1,40.58
167,1994,"N",0.044,1.417,NA,18.04
193,1994,"N",NA,1.217,1.5,12.3
222,1994,"N",0.026,1.364,1.75,11.04
250,1994,"N",0.02,0.932,2.25,6.5
277,1994,"N",0.032,0.792,1.75,15.57
180,1994,"N",0.03,1.326,1,23.09
200,1994,"N",0.03,1.537,1,35.01
227,1994,"N",0.042,2.446,0.6,57.11
254,1994,"N",0.044,2.2,0.75,47.45
284,1994,"N",0.034,1.88,1,46.26
163,1994,"N",0.044,1.751,1,34.24
190,1994,"N",0.04,1.329,1,19.44
211,1994,"N",0.022,0.882,1.75,10.81
231,1995,"N",0.018,0.737,2,3.5
253,1995,"N",0.006,0.755,2.25,3.69
288,1995,"N",0.024,0.807,2,11.3
163,1995,"N",0.024,0.689,1.5,2.65
190,1995,"N",0.022,0.752,1.5,5.88
211,1995,"N",0.022,0.918,1.5,23.58
231,1995,"N",0.03,0.809,2,13.51
253,1995,"N",0.032,1.314,1,20.13
163,1995,"N",0.05,1.885,0.75,28.32
190,1995,"N",0.036,1.303,1,24.06
211,1995,"N",0.032,1.046,1.5,14.7
231,1995,"N",0.014,0.968,1.5,7.71
253,1995,"N",0.05,1.067,1.25,6.98
288,1996,"N",0.022,0.867,2.6,3.01
163,1996,"N",0.02,1.053,2.9,2.68
190,1996,"N",0.018,0.799,2.25,2.32
211,1996,"N",0.018,0.759,3,2.91
231,1996,"N",0.026,0.592,4,4.22
253,1996,"N",0.03,0.8,3,11.64
288,1996,"N",0.016,0.795,2,13.82
163,1996,"N",0.046,1.334,1.25,26.48
190,1996,"N",0.064,1.585,1.2,26.33
211,1996,"N",0.048,0.847,2.25,3
231,1996,"N",0.028,0.798,2,11.53
253,1996,"N",NA,0.779,2.25,6.09
288,1996,"N",0.022,1.017,2.5,1.61
163,1997,"N",0.016,0.868,2,3.04
190,1997,"N",0.014,0.606,2.75,1.82
211,1997,"N",0.012,0.776,3,7.88
231,1997,"N",0.022,0.671,3.25,6.49
253,1997,"N",0.032,0.845,3,9.45
288,1997,"N",0.016,0.662,2.75,8.56
137,1997,"N",0.026,0.834,2.4,13.64
143,1997,"N",0.028,1.038,2.75,21.59
150,1997,"N",0.046,1.135,1.5,11.53
157,1997,"N",0.052,1.044,1.75,13.58
164,1997,"N",0.036,0.825,2,9.53
171,1997,"N",0.028,0.921,3.2,5.83
178,1997,"N",0.03,0.654,2.75,1.56
186,1998,"N",0.01,0.672,2.5,3.06
192,1998,"N",0.028,0.607,3,2.1
199,1998,"N",0.022,0.657,2,4.25
206,1998,"N",0.02,0.599,3.25,4.44
213,1998,"N",0.026,0.5,3.5,6.74
221,1998,"N",0.026,0.86,2,10.34
227,1998,"N",0.03,0.641,4,3.14
234,1998,"N",0.05,1.152,1.5,20.59
241,1998,"N",0.054,1.562,1,21.29
249,1998,"N",0.05,1.429,1.25,15.18
255,1998,"N",0.06,1.671,1,19.87
262,1998,"N",0.044,1.315,1.25,21.97
269,1998,"N",0.038,1.063,1.75,3.37
276,1999,"N",0.016,0.82,2.75,2.92
121,1999,"N",0.016,0.674,2,1.74
127,1999,"N",0.02,0.667,2.25,3.81
134,1999,"N",0.032,0.981,2,6.51
142,1999,"N",0.038,1.024,1.75,14.28
149,1999,"N",0.036,0.98,1.5,10.22
155,1999,"N",0.032,0.988,1.75,10.67
162,1999,"N",0.016,1.178,1.5,7.46
169,1999,"N",0.044,1.012,1.75,6.14
176,1999,"N",0.06,1.115,1.5,7.39
184,1999,"N",0.054,0.858,1.75,10.02
190,1999,"N",0.046,1.121,1.5,11.31
197,1999,"N",0.034,0.846,2,4.19
204,2000,"N",0.014,0.696,2.25,3.78
211,2000,"N",0.016,0.831,3,3.22
219,2000,"N",NA,1.089,2,6.46
225,2000,"N",0.024,0.766,2.5,7.36
232,2000,"N",0.032,0.935,1.75,11.26
239,2000,"N",0.036,0.419,2.25,2.13
247,2000,"N",0.04,1.05,1.75,9.3
253,2000,"N",0.056,1.03,1.5,22.1
260,2000,"N",0.04,1.01,1.75,13.26
267,2000,"N",0.068,0.964,1.5,12.71
274,2000,"N",0.036,0.841,2.5,6.41
282,2000,"N",0.024,0.617,4.25,1.58
126,2000,"N",0.024,0.527,4.5,4.29
133,2001,"N",0.016,0.688,2.5,3.7
141,2001,"N",0.016,0.895,2.5,5.31
147,2001,"N",0.026,0.661,1.25,5.21
154,2001,"N",0.016,0.66,2.25,4.97
161,2001,"N",0.044,0.817,2,9.48
168,2001,"N",0.038,0.747,2.5,11.05
175,2001,"N",0.032,0.795,2.25,9.96
183,2001,"N",0.032,0.942,1.5,17.97
189,2001,"N",0.068,1.517,1,20.21
196,2001,"N",0.06,1.49,0.8,16.21
203,2001,"N",0.048,1.243,1.25,14.73
210,2001,"N",0.046,1.003,1.75,16.99
218,2001,"N",0.044,0.68,2,12.02
224,2002,"N",0.016,0.860193,2.5,2.13575
231,2002,"N",0.016,0.711074,2.25,3.58185
238,2002,"N",0.016,0.729533,3.25,3.240703125
246,2002,"N",0.027,0.844208,3.5,1.68928125
252,2002,"N",0.029,0.97816,2,8.1600625
259,2002,"N",0.042,0.854633,1.75,12.5289375
266,2002,"N",0.042,0.806551,2.75,5.4500625
273,2002,"N",0.04,0.895726,1.25,13.891
280,2002,"N",0.041,1.161396,1.25,20.78595
132,2002,"N",0.032,0.86428,2,11.55875
140,2002,"N",0.036,1.147713,1.25,22.599121
146,2002,"N",0.03,0.988465,2,13.06138
153,2002,"N",0.031,0.778105,2.25,10.708275
160,2003,"N",0.019,0.818897,1.75,6.66926375
167,2003,"N",0.021,0.772734,1.75,8.8676625
174,2003,"N",0.017,0.614156,3.25,2.784
182,2003,"N",0.028,0.727445,2.25,7.862625
188,2003,"N",0.03,0.695087,2,9.6626625
195,2003,"N",0.05,0.572955,1,27.01
202,2003,"N",0.043,0.937488,1.5,10.61
209,2003,"N",NA,0.964259,2,14.72
217,2003,"N",0.034,0.938628,1.75,17.65
223,2003,"N",0.042,1.038678,1.5,18.33
230,2003,"N",0.053,0.942277,1.25,23.185
237,2003,"N",0.036,0.890685,1.5,11.85
245,2003,"N",0.031,0.776685,1.75,6.305
251,2004,"N",0.011,0.862213,5,2.296419
258,2004,"N",0.015,0.940454,2.75,6.8012315
265,2004,"N",0.029,0.885831,2.5,6.59
272,2004,"N",0.031,0.813494,2,4.76615625
279,2004,"N",NA,0.71367,2,5.375
34,2004,"N",0.042,0.850631,1.75,13.165
113,2004,"N",0.033,1.05133,1.5,10.49
118,2004,"N",0.044,0.957861,1.5,13.7
124,2004,"N",0.049,1.238472,1.25,16.455
132,2004,"N",0.036,1.035188,1.25,14.05
138,2004,"N",0.026,0.868683,1.75,10.1990625
146,2004,"N",0.028,1.034437,1.5,11.2869325
152,2004,"N",0.029,0.950349,1.75,6.7509375
159,2005,"N",0.025,0.888317,2,3.215
166,2005,"N",0.027,0.776702,2.75,4.21
173,2005,"N",0.013,0.705832,2,5.065
180,2005,"N",0.025,0.738565,2.75,6.155
187,2005,"N",0.02,0.584061,3.25,3.355
194,2005,"N",0.019,0.723029,2.25,6.3775
201,2005,"N",0.032,1.511883,1.25,36.235
208,2005,"N",0.049,1.775752,0.75,43.785
215,2005,"N",0.059,2.013334,1.1,36.345
222,2005,"N",0.053,1.268286,1.25,14.105
230,2005,"N",0.063,1.695966,1,26.0475
236,2005,"N",0.037,1.17329,1.25,12.7
243,2005,"N",0.044,1.365906,1.25,17.34
251,2006,"N",0.007,0.701,2,3.78
257,2006,"N",0.012,0.691,2.5,3.74
264,2006,"N",0.025,0.686,2.5,6.33
271,2006,"N",0.031,0.764,3,4.84
279,2006,"N",0.029,0.755,2.5,7.58
286,2006,"N",NA,1.186,1.5,13.7
122,2006,"N",0.039,1.198,1.25,14.09
129,2006,"N",0.05,1.552,0.75,24.32
136,2006,"N",0.053,1.632,0.75,22.95
144,2006,"N",0.04,1.298,0.8,29.9
150,2006,"N",0.034,1.35,0.8,27.59
157,2006,"N",0.052,1.493,1,38.75
164,2006,"N",0.033,1.279,1.25,16.05
171,2007,"N",0.013,0.74,2.75,2.55
178,2007,"N",0.011,0.744,2.5,2.38
185,2007,"N",0.019,0.739,2.5,5.48
192,2007,"N",0.019,0.656,2.75,4.89
201,2007,"N",0.019,0.692,2.5,5.88
206,2007,"N",0.021,0.906,1.75,8.43
209,2007,"N",0.023,0.795,2,9.15
214,2007,"N",0.047,1.526,0.75,34.72
220,2007,"N",0.047,2.241,0.75,44.63
227,2007,"N",0.07,1.61,1,24.38
234,2007,"N",0.036,1.043,1.25,16.8
241,2007,"N",0.034,1.448,1,16.23
249,2007,"N",0.034,1.228,1.5,15
255,2008,"N",0.017,1.128,1.5,4.78
262,2008,"N",0.019,1.222,1.5,5.49
269,2008,"N",0.023,0.807,2.25,6.43
276,2008,"N",0.023,0.745,2,2.96
284,2008,"N",0.055,1.077,1.3,12.66
40,2008,"N",0.042,0.849,2.25,12.44
121,2008,"N",0.024,0.963,2,10.93
128,2008,"N",0.031,1.043,1.25,17.27
135,2008,"N",0.026,0.966,1.25,12.26
143,2008,"N",0.03,1.27,1.5,18.93
149,2008,"N",0.032,0.958,1.5,16.05
156,2008,"N",0.026,0.782,1.75,11.91
163,2008,"N",0.021,0.921,1.75,9.7
170,2009,"N",0.015,NA,2.75,NA
177,2009,"N",0.014,NA,2.25,NA
185,2009,"N",0.021,NA,2.25,NA
191,2009,"N",0.02,NA,2,NA
198,2009,"N",0.033,NA,2.25,NA
205,2009,"N",0.025,NA,2.75,NA
212,2009,"N",0.032,NA,2,NA
220,2009,"N",0.04,NA,1.25,NA
226,2009,"N",0.029,NA,1.25,NA
233,2009,"N",0.036,NA,1.5,NA
240,2009,"N",0.038,NA,2.5,NA
248,2009,"N",0.019,NA,2.5,NA
255,2009,"N",0.005,NA,2.5,NA
261,2010,"N",0.013,NA,2.5,NA
268,2010,"N",0.015,NA,3,NA
276,2010,"N",0.022,NA,1.25,NA
123,2010,"N",0.025,0.77678215,2,6.67
131,2010,"N",0.03,NA,2.75,NA
135,2010,"N",0.031,NA,2.25,NA
143,2010,"N",0.032,NA,1.5,NA
149,2010,"N",0.044,1.228534817,1.25,21.38
156,2010,"N",0.021,NA,1.5,NA
163,2010,"N",0.044,NA,1.25,NA
170,2010,"N",0.036,NA,1.25,NA
178,2010,"N",0.029,NA,1.75,NA
184,2010,"N",NA,NA,2.5,NA
191,2011,"N",0.007,NA,2.75,12.52
198,2011,"N",0.017,NA,2.5,6.3
205,2011,"N",0.022,NA,2.25,6.69
211,2011,"N",0.023,NA,2,7.12
219,2011,"N",0.027,NA,2.5,7.87
226,2011,"N",0.031,NA,2,25.58
232,2011,"N",0.037,NA,1.5,39.05
241,2011,"N",0.033,NA,2.25,12.81
248,2011,"N",0.038,NA,1.5,19.27
254,2011,"N",0.044,1.368887236,1.25,21.23
261,2011,"N",0.034,NA,2,9.25
269,2011,"N",0.021,NA,2,9.23
289,2011,"N",0.041,NA,1.5,12.12
320,2012,"N",0.019,NA,4,1.67
114,2012,"N",0.01,NA,3.75,3
121,2012,"N",0.018,NA,2.5,5.66
127,2012,"N",0.03,NA,3.5,2.12
134,2012,"N",0.026,NA,2,7.99
142,2012,"N",0.082,NA,1.75,20.86
147,2012,"N",0.057,NA,1,39.54
157,2012,"N",0.011,NA,1,36.3
162,2012,"N",0.066,NA,0.75,28.38
169,2012,"N",0.051,NA,1,29.24
176,2012,"N",0.036,NA,0.75,39.27
183,2012,"N",0.055,NA,1,26.49
190,2012,"N",0.037,NA,1.25,14
197,2012,"N",NA,NA,1.75,8.91
204,2013,"N",0.01,NA,3,4.24
212,2013,"N",0.016,NA,2.75,3.47
218,2013,"N",0.033,NA,2.75,1.83
225,2013,"N",0.007,NA,2,3.87
233,2013,"N",0.026,NA,2.25,11.46
239,2013,"N",NA,NA,1.5,9.1
246,2013,"N",NA,NA,1,22.75
253,2013,"N",0.037,NA,1.25,36.56
260,2013,"N",0.037,NA,1.25,NA
267,2013,"N",0.017,NA,1.25,15.51
274,2013,"N",0.022,NA,2,12.7
125,2013,"N",0.028,NA,1.75,11.86
132,2013,"N",0.012,NA,4,2.72
140,2014,"N",0.007,0.818599998950958,2.75,3.67293739318848
146,2014,"N",0.008,0.684000015258789,3,4.50097513198853
153,2014,"N",0.019,0.660199999809265,2.75,3.84885931015015
160,2014,"N",0.017,0.897300004959106,2,10.601001739502
167,2014,"N",0.033,0.787899971008301,2.25,8.10658931732178
174,2014,"N",0.011,1.01230001449585,1.75,12.5453748703003
181,2014,"N",0.017,1.00839996337891,2.25,8.3996467590332
188,2014,"N",0.018,0.814100027084351,1.75,4.64637470245361
195,2014,"N",NA,0.849200010299683,2.75,NA
202,2014,"N",0.0482,NA,2.5,5.63429355621338
209,2014,"N",0.017,0.987800002098084,1.5,7.7961163520813
216,2014,"N",0.013,0.787199974060059,2,7.58324241638184
223,2014,"N",0.45,0.843699991703033,2,9.33390045166016
230,2014,"N",0.0243,0.759100019931793,2.5,3.73509359359741
